id,vendor,family,part_numbers,aliases,standards,bands,sdr_tier,sdr_capabilities,fw_arch,fw_openness,fw_re_tooling,key_projects,common_hardware,status,references,notes
airspy-r2-hfplus,Airspy,Airspy R2 / Mini / HF+ Discovery,Airspy R2; Airspy Mini; HF+ Discovery,Airspy,,sub-GHz; 2.4GHz,5,raw-iq; spectral-scan,LPC4370 Cortex-M4 (open firmware) + R820T2 / polyphase-HR front-end,open,libairspy,,,verified,https://airspy.com/; https://airspy.com/airspy-hf-discovery/,"RX-only 12-bit (R2/Mini, 24-1800MHz) or high-DR HF/VHF (HF+ Discovery). Reference receive tier."
alfa-ahpi7292s,ALFA Network,Wi-Fi HaLow (IEEE 802.11ah),AHPI7292S,AHPI7292S,IEEE 802.11ah; Wi-Fi HaLow,sub-GHz,1,monitor; injection,ARM Cortex-M3 (NRC7292),closed,newracom/nrc7292_sw_pkg GPL-2.0 driver; droidifi/newracom-s1g,newracom/nrc7292_sw_pkg,Newracom NRC7292 SoC; Qorvo RFFM6901 front-end module; Raspberry Pi HAT form factor,verified,https://www.cnx-software.com/2022/04/03/add-wifi-halow-to-raspberry-pi-with-alfa-network-ahpi7292s-hat/; https://www.beyondlogic.org/evaluating-the-alfa-network-ahpi7292s-nrc7292/; https://store.rokland.com/products/alfa-network-ahpi7292s-ieee-802-11ah-sub-1-ghz-module-in-raspberry-pi-hat-form-factor,"First Wi-Fi HaLow Raspberry Pi HAT (~$70): Newracom NRC7292 + Qorvo RFFM6901 FEM. Host + standalone modes, up to 15 Mbps. The most practical hobbyist entry point for sub-GHz HaLow monitor/sniffer experiments via the open nrc7292_sw_pkg driver. Net-new named module record."
adi-adrv9361-z7035,Analog Devices,ADRV9361-Z7035 (openwifi),ADRV9361-Z7035; ADRV1CRR-BOB; ADRV1CRR-FMC,ADRV9361-Z7035; ADRV1CRR-BOB; openwifi adrv9361z7035,802.11a; 802.11g; 802.11n,sub-GHz; 2.4GHz; 5GHz,5,monitor; injection; csi; raw-iq; spectral-scan; arbitrary-waveform; radar; covert-channel; open-firmware,Xilinx Zynq-7035 (ARM Cortex-A9 + 7-series FPGA) baseband in Verilog + Linux mac80211 driver,open,Xilinx Vivado; Verilog source (openwifi-hw); MATLAB/Octave DSP model; Linux mac80211 / sdr.ko,openwifi (driver/software); openwifi-hw (FPGA),ADRV9361-Z7035 SOM; ADRV1CRR-BOB/FMC carrier; AD9361 RF (2x2); host Linux PC,verified,https://github.com/open-sdr/openwifi; https://ieeexplore.ieee.org/document/9128614/; https://wiki.analog.com/resources/eval/user-guides/adrv936x_rfsom,Flagship 2x2 openwifi platform: ADI ADRV9361 SOM (Zynq-7035 + AD9361) on ADRV1CRR carrier. Fully open 802.11a/g/n PHY+MAC in FPGA; the true Tier-5 endpoint. Zynq-7035 requires a paid Vivado licence to rebuild the bitstream.
adi-adrv9364-z7020,Analog Devices,ADRV9364-Z7020 (openwifi),ADRV9364-Z7020; ADRV1CRR-BOB,ADRV9364-Z7020; openwifi adrv9364z7020,802.11a; 802.11g; 802.11n,sub-GHz; 2.4GHz; 5GHz,5,monitor; injection; csi; raw-iq; spectral-scan; arbitrary-waveform; covert-channel; open-firmware,Xilinx Zynq-7020 (ARM Cortex-A9 + 7-series FPGA) baseband in Verilog + Linux mac80211 driver,open,Xilinx Vivado (WebPACK); Verilog source (openwifi-hw); MATLAB/Octave DSP model; Linux mac80211 / sdr.ko,openwifi (driver/software); openwifi-hw (FPGA),ADRV9364-Z7020 SOM; ADRV1CRR-BOB carrier; AD9364 RF (1x1); host Linux PC,verified,https://github.com/open-sdr/openwifi; https://ieeexplore.ieee.org/document/9128614/; https://wiki.analog.com/resources/eval/user-guides/adrv936x_rfsom,"Single-stream (1x1) openwifi platform: ADI ADRV9364 SOM (Zynq-7020 + AD9364). Cheapest ADI SOM entry; Zynq-7020 is covered by free Vivado WebPACK, so the FPGA can be rebuilt without a paid licence."
analog-adalm-pluto,Analog Devices,ADALM-PLUTO (PlutoSDR),ADALM-PLUTO; AD9363; AD9364; Zynq-7010,Pluto; PlutoSDR,,sub-GHz; 2.4GHz; 5GHz,5,raw-iq; arbitrary-waveform; passive-radar,"Zynq-7010 dual Cortex-A9 + FPGA, AD9363 transceiver",open,libiio; GNU Radio; IIO-Oscilloscope,,,verified,https://wiki.analog.com/university/tools/pluto; https://www.rtl-sdr.com/adalm-pluto-new-149-tx-capable-sdr-325-3800-mhz-range-12-bit-adc-20-mhz-bandwidth/,"325MHz-3.8GHz (hack: ~70MHz-6GHz via AD9364 re-ID), 12-bit, 20MHz BW, full-duplex 1x1. Go-to full-duplex transceiver for Wi-Fi-sensing researchers."
broadcom-bcm4306,Broadcom,BCM43xx (SoftMAC / b43),BCM4306,AirForce 54g; bcm43xx,802.11b; 802.11g,2.4GHz,5,monitor; injection; open-firmware,"Broadcom D11 microcode (custom 16-bit RISC), host-driven MAC, no on-die ARM",open,b43-tools; OpenFWWF,OpenFWWF (open D11 firmware); b43 driver,Linksys WMP54G; Dell TrueMobile 1300; Apple AirPort (early); numerous mini-PCI/PCI cards,verified,http://netweb.ing.unibs.it/~openfwwf/; https://github.com/fullstory/openfwwf; https://wireless.docs.kernel.org/en/latest/en/users/drivers/b43.html,"SoftMAC 11g part with a fully open replacement microcode (OpenFWWF), compiled with b43-tools. Genuine open-firmware MAC (tier 5 by openness), but the 11g PHY offers no CSI/IQ path."
broadcom-bcm4311,Broadcom,BCM43xx SoftMAC (AirForce),BCM4311,BCM4311; BCM4311/1,802.11b/g,2.4GHz,1,monitor; injection; open-firmware,"D11 MAC microcode (core rev 5-14, no on-chip MAC CPU)",open,b43-tools (b43-asm/b43-dasm); OpenFWWF; b43-fwcutter,OpenFWWF; b43-tools,Mini-PCIe/PCI WLAN cards (Dell/HP laptops ~2006-2009),verified,https://github.com/fullstory/openfwwf; https://github.com/mbuesch/b43-tools; http://bcm-v4.sipsolutions.net/802.11/Microcode,"Classic SoftMAC BCM43xx where the D11 ucode IS the entire MAC (no ARM co-processor). Because the driver loads the ucode as a plain file, OpenFWWF can replace it wholesale with fully open GPLv2 microcode built by b43-asm, making the card a programmable-MAC testbed. This is the reference platform for learning the D11 ISA from complete commented source rather than disassembly. firmware.openness=open reflects the OpenFWWF replacement; the PHY itself remains closed."
broadcom-bcm4318,Broadcom,BCM43xx (SoftMAC / b43),BCM4318,AirForce One 54g,802.11b; 802.11g,2.4GHz,5,monitor; injection; open-firmware,"Broadcom D11 microcode, host-driven MAC, no on-die ARM",open,b43-tools; OpenFWWF,OpenFWWF,Linksys WPC54G v3; Belkin F5D7010; many 2006-era laptops / mini-PCI,verified,http://netweb.ing.unibs.it/~openfwwf/; https://github.com/fullstory/openfwwf,Primary chip OpenFWWF was tested on (4306 & 4318). Open MAC firmware; used to prototype custom MAC protocols. b43 gives native monitor+injection.
broadcom-bcm4321,Broadcom,BCM43xx (SoftMAC / b43),BCM4321,,802.11a; 802.11b; 802.11g; 802.11n (draft),2.4GHz; 5GHz,1,monitor; injection,"Broadcom D11 microcode (proprietary), host-driven MAC",closed,b43-tools,b43 driver,Apple AirPort Extreme (draft-n); Dell Wireless 1500; various draft-n cards,verified,https://wireless.docs.kernel.org/en/latest/en/users/drivers/b43.html; https://wiki.debian.org/bcm43xx,"Draft-11n MIMO SoftMAC part. Runs under b43 with proprietary ucode (not covered by OpenFWWF), so monitor/injection only."
broadcom-bcm43224,Broadcom,BCM43xx (SoftMAC / b43),BCM43224,,802.11a; 802.11b; 802.11g; 802.11n,2.4GHz; 5GHz,1,monitor; injection,"Broadcom D11 microcode (proprietary), host-driven MAC",closed,b43-tools,b43 driver,Dell Wireless 1520; Apple BCM943224 mini-PCIe; 2010-era laptops,verified,https://wireless.docs.kernel.org/en/latest/en/users/drivers/b43.html,2x2 11n dual-band SoftMAC. Native mac80211 monitor+injection; proprietary ucode (OpenFWWF never ported).
broadcom-bcm43225,Broadcom,BCM43xx (SoftMAC / b43),BCM43225,,802.11b; 802.11g; 802.11n,2.4GHz,1,monitor; injection,"Broadcom D11 microcode (proprietary), host-driven MAC",closed,b43-tools,b43 driver,Dell Wireless 1502; many low-cost 2.4GHz 11n cards,verified,https://wireless.docs.kernel.org/en/latest/en/users/drivers/b43.html,2x2 2.4GHz 11n SoftMAC. b43 monitor+injection; proprietary ucode only.
broadcom-bcm4329,Broadcom,BCM43xx (FullMAC / Nexmon),BCM4329,,802.11b; 802.11g; 802.11n,2.4GHz; 5GHz,1,monitor,Broadcom D11 PHY microcode + ARM Cortex-M3,patchable,nexmon; ghidra,nexmon,Apple iPhone 4; iPad 1; Amazon Kindle; Samsung Galaxy Tab,reported,https://github.com/seemoo-lab/nexmon,Early combo FullMAC part. Historical Nexmon/RE interest; Cortex-M3. Limited modern tooling.
broadcom-bcm4330,Broadcom,BCM43xx (FullMAC / Nexmon),BCM4330,,802.11b; 802.11g; 802.11n,2.4GHz; 5GHz,1,monitor,Broadcom D11 PHY microcode + ARM Cortex-M3,patchable,nexmon; ghidra,nexmon,Samsung Galaxy S3; Asus Nexus 7 (2012); BeagleBone Black wireless variants,reported,https://github.com/seemoo-lab/nexmon,1x1 dual-band 11n combo. Experimental Nexmon support; Cortex-M3.
broadcom-bcm4334,Broadcom,BCM43xx (FullMAC / Nexmon),BCM4334,,802.11b; 802.11g; 802.11n,2.4GHz; 5GHz,1,monitor,Broadcom D11 PHY microcode + ARM Cortex-M3,patchable,nexmon; ghidra,nexmon,Samsung Galaxy S4 (GT-i9500); Apple iPhone 5c / 5s; Galaxy Note 3,reported,https://github.com/seemoo-lab/nexmon,1x1 11n low-power combo. Experimental Nexmon; Cortex-M3.
broadcom-bcm4335,Broadcom,BCM43xx (FullMAC / Nexmon),BCM4335; BCM4335C0,,802.11a; 802.11n; 802.11ac,2.4GHz; 5GHz,1,monitor; injection,Broadcom D11 PHY microcode + ARM Cortex-R4,patchable,nexmon; ghidra,nexmon,Samsung Galaxy S4 LTE-A; HTC One (M7); Nexus 7 (2013); LG G2,reported,https://github.com/seemoo-lab/nexmon; https://www.maki.tu-darmstadt.de/media/sfb_maki/forschung_8/awards/Nexmon_2017.pdf,First-gen 1x1 11ac. Early Nexmon monitor/injection targets; Cortex-R4. Less maintained than 4339.
broadcom-bcm4339,Broadcom,BCM4339,BCM4339,BCM4339,802.11a/b/g/n/ac,2.4GHz; 5GHz,4,monitor; injection; csi; arbitrary-waveform; covert-channel,ARM Cortex-R4-class + Broadcom D11 ucode,patchable,nexmon; b43-tools; ghidra; ida; radare2,mobisys2018_nexmon_software_defined_radio; nexmon; wisec2017_nexmon_jammer_demo_app,Nexus 5 (LG),reported,https://github.com/seemoo-lab/mobisys2018_nexmon_software_defined_radio; https://doi.org/10.1145/3210240.3210333; https://github.com/seemoo-lab/nexmon; https://doi.org/10.1145/3098243.3098253; https://github.com/seemoo-lab/wisec2017_nexmon_jammer_demo_app,"Tier-4 evidence chip, re-anchored by the Tier-4 audit (docs/verification-tier4.md). The reproducible arbitrary-waveform proof is the MobiSys 2018 'Shadow Wi-Fi' nexmon SDR patch (FULL C source), not the WiSec 2017 jammer previously cited: three ioctls -- 426 NEX_WRITE_TEMPLATE_RAM, 427 START, 428 STOP -- write int16 I/Q into the D11 Template RAM and key the TX chain, emitting an arbitrary baseband buffer (not an 802.11 frame) in 2.4/5 GHz. TX-only; waveform length bounded by Template-RAM depth; band-limited, low-dynamic-range front-end. Monitor/injection/CSI are verified; arbitrary-TX stays 'reported' because the demonstrated target is a rooted Nexus 5 on stock fw 6.0.1 M4B30Z (EoL, hard to source) -- the same primitive on the Raspberry Pi bcm43455c0 is the practical path. The WiSec 2017 reactive jammer is an APPLICATION of this primitive but ships binary-only firmware deliberately restricted to NEXMON/JAMMER MACs, so it is not the reproducible route. Removed the prior 'raw-iq' flag: nexmon exposes frequency-domain CSI, not time-domain IQ receive."
broadcom-bcm43430,Broadcom,BCM43xx (FullMAC / Nexmon),BCM43430; BCM43430a1,BCM43430a1; BCM43438,802.11b; 802.11g; 802.11n,2.4GHz,1,monitor; injection,Broadcom D11 PHY microcode + ARM Cortex-M3 (ROM at ~0x800000),patchable,nexmon; ghidra; ida,nexmon,Raspberry Pi 3B; Raspberry Pi Zero W; Raspberry Pi Compute Module 3,verified,https://github.com/seemoo-lab/nexmon/blob/master/README.md,"Single-stream 2.4GHz-only 11n (Pi 3B / Zero W). Nexmon monitor+injection verified (fw 7_45_41_46). Cortex-M3, ROM at upper address. Not in the official nexmon_csi list."
broadcom-bcm43436,Broadcom,BCM43xx (FullMAC / Nexmon),BCM43436,BCM43436b0; BCM43436b03,802.11b; 802.11g; 802.11n,2.4GHz,1,monitor; injection,Broadcom D11 PHY microcode + ARM Cortex-M3,patchable,nexmon; ghidra,nexmon,Raspberry Pi Zero 2 W,verified,https://github.com/seemoo-lab/nexmon/blob/master/README.md,"The silicon in the Pi Zero 2 W. Nexmon monitor+injection verified (fw 9_88_4_65). 2.4GHz single-stream 11n, Cortex-M3."
broadcom-bcm43438,Broadcom,BCM434xx FullMAC,BCM43438; CYW43438,BCM43438; CYW43438; Raspberry Pi Zero W Wi-Fi; Raspberry Pi 3 Wi-Fi,802.11n,2.4GHz,1,monitor; injection; open-firmware,ARM Cortex-M3 (host firmware) + D11 MAC microcode (PSM),patchable,nexmon; b43-tools (b43-dasm/b43-asm); d11-emu; fwcutter,nexmon; b43-tools PR#4 (bcm43438 ucode prep),Raspberry Pi Zero W; Raspberry Pi 3 Model B,verified,https://github.com/mbuesch/b43-tools/pull/4; https://github.com/seemoo-lab/nexmon; http://bcm-v4.sipsolutions.net/802.11/Microcode,Single-stream 802.11n FullMAC SoC in the Pi Zero W and early Pi 3. Classic target for D11 ucode disassembly: its ucode is stored 7-byte-packed inside the ARM RAM firmware and unpacked by the ARM before being loaded into the D11 core; b43-tools PR#4 reproduces the packing so the ucode can be round-tripped through b43-dasm/b43-asm. Nexmon provides monitor mode and frame injection; CSI export is not officially supported on this part (reported/experimental only).
broadcom-bcm43455c0,Broadcom,BCM43455,BCM43455; CYW43455,BCM43455c0; CYW43455,802.11a/b/g/n/ac,2.4GHz; 5GHz,4,monitor; injection; csi; spectral-scan; arbitrary-waveform; covert-channel,ARM Cortex-R/M-class + Broadcom D11 ucode,patchable,nexmon; b43-tools; ghidra; ida,mobisys2018_nexmon_software_defined_radio; nexmon; nexmon_csi,Raspberry Pi 3B+; Raspberry Pi 4B; Raspberry Pi CM4; Raspberry Pi 5,reported,https://github.com/seemoo-lab/mobisys2018_nexmon_software_defined_radio; https://doi.org/10.1145/3210240.3210333; https://github.com/seemoo-lab/nexmon; https://github.com/seemoo-lab/nexmon_csi; https://doi.org/10.1145/3349623.3355477,"Corrected UPWARD Tier 3 -> 4 by the Tier-4 audit (docs/verification-tier4.md). The MobiSys 2018 'Shadow Wi-Fi' nexmon SDR patch explicitly supports the bcm43455c0 on a Raspberry Pi 3B+ (NOT the plain 3B) with FULL public source, giving the same arbitrary-IQ TX primitive as the Nexus-5 bcm4339 (ioctls 426/427/428 write int16 I/Q to Template RAM). This makes the Pi the most reproducible Tier-4 Wi-Fi target in the catalog -- current, cheap hardware. Monitor/injection/CSI(80MHz, int16)/spectral remain independently VERIFIED; the arbitrary-waveform rung is 'reported' (research patch, not a turnkey nexutil feature; firmware version string e.g. 7_45_189/206 must match the shipped blob). TX-only; band-limited, low dynamic range. status is set to 'reported' to track the tier-defining capability per the taxonomy convention while the lower rungs stay verified."
broadcom-bcm43455c0-nexmon-csi,Broadcom,BCM434xx (Nexmon),BCM4339; BCM43455c0; BCM4358; BCM4366c0; BCM4365,Nexmon CSI; Pi CSI,802.11a; 802.11g; 802.11n; 802.11ac,2.4GHz; 5GHz,2,monitor; injection; csi,Broadcom D11 ucode + ARM Cortex-R/M,patchable,nexmon; ghidra; ida,nexmon_csi; MobiSys'18 extractor,"Raspberry Pi 3B+/4 (43455c0); Nexus 5 (4339); Nexus 6P (4358); Asus RT-AC86U (4366c0, 4x4)",verified,https://github.com/seemoo-lab/nexmon_csi; https://github.com/seemoo-lab/mobisys2018_nexmon_channel_state_information_extractor; https://github.com/seemoo-lab/nexmon,"The canonical firmware-RE CSI path; runs on cheap Pis, phones, routers. See ../chips/broadcom-cypress.md and ../projects/nexmon.md."
broadcom-bcm4356,Broadcom,BCM43xx (FullMAC / Nexmon),BCM4356,,802.11n; 802.11ac,2.4GHz; 5GHz,1,monitor; injection,Broadcom D11 PHY microcode + ARM Cortex-R4,patchable,nexmon; ghidra,nexmon,Motorola Nexus 6 (shamu); Dell Venue tablets; various 2x2 laptops,reported,https://github.com/seemoo-lab/nexmon,2x2 11ac in the Nexus 6 (distinct from 4358 in Nexus 6P). Nexmon injection reported; CSI porting plausible given Cortex-R4 sibling status to 4358.
broadcom-bcm4358,Broadcom,BCM43xx (FullMAC / Nexmon),BCM4358,,802.11a; 802.11b; 802.11g; 802.11n; 802.11ac,2.4GHz; 5GHz,2,monitor; injection; csi,Broadcom D11 PHY microcode + ARM Cortex-R4,patchable,nexmon; ghidra; ida,nexmon_csi,Huawei Nexus 6P (angler); Samsung Galaxy S6 / S6 edge; Samsung Galaxy Note 5,verified,https://github.com/seemoo-lab/nexmon/blob/master/README.md; https://github.com/seemoo-lab/nexmon_csi/blob/master/README.md,"2x2 11ac (Nexus 6P). Nexmon monitor/inject (fw 7_112_201_3_sta) and nexmon_csi (fw 7_112_300_14_sta, 80MHz, 2 streams) verified. Cortex-R4. Distinct from BCM4356 in Nexus 6."
broadcom-bcm4359,Broadcom,BCM43xx (FullMAC / Nexmon),BCM4359,,802.11n; 802.11ac,2.4GHz; 5GHz,1,monitor; injection,Broadcom D11 PHY microcode + ARM Cortex-R4,patchable,nexmon; ghidra; ida,nexmon,Samsung Galaxy S8 / S8+ (some SKUs); Samsung Galaxy Note 8; Galaxy Tab S4,reported,https://github.com/seemoo-lab/nexmon,2x2 11ac. Community nexmon monitor/injection patches exist; CSI ports attempted. Cortex-R4.
broadcom-bcm43596,Broadcom,BCM43xx (FullMAC),BCM43596; BCM43596D,,802.11n; 802.11ac,2.4GHz; 5GHz,0,,Broadcom D11 PHY microcode + ARM,closed,ghidra,,high-end 802.11ac routers; 802.11ad companion designs,theoretical,https://github.com/seemoo-lab/nexmon,2x2 11ac part sometimes paired with 802.11ad radios. No public Nexmon port; listed for completeness and future RE.
broadcom-bcm4360,Broadcom,BCM4360,BCM4360,BCM4360; Netgear R7000 5GHz radio; Netgear R8000 radio; ASUS RT-AC68U 5GHz radio; MacBook BCM4360 PCIe,802.11ac; 802.11n,2.4GHz; 5GHz,0,,Broadcom D11 MAC ucode + on-chip ARM (fullmac),closed,nexmon (no published port for this chip),nexmon (framework; no released BCM4360 port),Netgear R7000 (Nighthawk AC1900); Netgear R8000 (AC3200); ASUS RT-AC68U; many AC1900/AC3200 routers; MacBook / iMac (BCM4360 PCIe),verified,https://github.com/seemoo-lab/nexmon/tree/master/firmwares; https://github.com/seemoo-lab/nexmon_csi; https://wikidevi.wi-cat.ru/Netgear_R7000,"Ubiquitous 3x3 802.11ac Broadcom radio in the most-recommended AC-era routers and many Macs. Despite that popularity it is NOT a public SDR target: BCM4360 is absent from Nexmon's supported firmwares and is not a nexmon_csi chip, so out of the box you get station-mode only (tier 0 black box). It is a Broadcom D11-family part, so a Nexmon port is theoretically possible but none is published. Cataloged specifically to correct the common myth that a Netgear R7000/R8000 can do Wi-Fi CSI - buy an ASUS RT-AC86U (BCM4366c0) for CSI or a Netgear R7800 (QCA9984) for spectral instead."
broadcom-bcm4366c0,Broadcom,BCM4366,BCM4366,BCM4366c0,802.11a/b/g/n/ac,2.4GHz; 5GHz,2,monitor; injection; csi,ARM + Broadcom D11 ucode,patchable,nexmon; b43-tools; ghidra,nexmon_csi,Asus RT-AC86U router,verified,https://github.com/seemoo-lab/nexmon_csi; https://dl.acm.org/doi/10.1145/3349623.3355477,Router-class 4x4 MIMO CSI at 80 MHz via nexmon_csi (firmware 10_10_122_20). Float-style CSI encoding (sign/exponent/mantissa) rather than the int16 format used by bcm4339/bcm43455c0.
broadcom-bcm4375,Broadcom,BCM43xx (FullMAC / Nexmon),BCM4375; BCM4375b1,BCM4375b1,802.11n; 802.11ac; 802.11ax,2.4GHz; 5GHz,1,monitor; injection; csi,Broadcom D11 PHY microcode + ARM Cortex-M7,patchable,nexmon; ghidra; ida,nexmon,Samsung Galaxy S10 / S10+; Samsung Galaxy S20 / S20+ / Ultra; Galaxy Note 10,verified,https://github.com/seemoo-lab/nexmon/blob/master/README.md; https://github.com/seemoo-lab/nexmon/commit/6c5f780be089e5a3be44a37799963651a3f3ec14,"2x2 Wi-Fi 6 (Galaxy S10/S20). Nexmon monitor+injection verified (S20 fw 18_41_8_9_sta) on rooted, SELinux-permissive devices; CSI ported by community. Newer Cortex-M7-class core."
broadcom-bcm4387,Broadcom,"BCM43xx (FullMAC, Apple-custom)",BCM4387,,802.11n; 802.11ac; 802.11ax,2.4GHz; 5GHz,1,monitor,"Broadcom D11 PHY microcode + ARM (Apple-customized firmware, PCIe)",closed,ghidra; ida,nexmon (RE reference),iPhone 12 / 13 series; Apple Silicon Macs (M1/M2); iPad Pro,theoretical,https://github.com/seemoo-lab/nexmon,"Apple's customized Broadcom Wi-Fi 6. Same D11+ARM lineage but locked-down, PCIe-attached, Apple firmware signing — no public Nexmon monitor/inject. Reverse-engineering only (e.g. via Asahi/brcmfmac efforts)."
broadcom-bcm4389,Broadcom,BCM43xx (FullMAC / Nexmon),BCM4389; BCM4389c1,BCM4389c1,802.11n; 802.11ac; 802.11ax,2.4GHz; 5GHz; 6GHz,1,monitor; injection,Broadcom D11 PHY microcode + dual ARM Cortex-M-class cores,patchable,nexmon; ghidra; ida,nexmon,Google Pixel 6 / 7 / 7 Pro; Samsung Galaxy S21 (some SKUs),verified,https://github.com/seemoo-lab/nexmon/blob/master/README.md,2x2 Wi-Fi 6E (Pixel 7). Nexmon monitor+injection verified (fw 20_101_57) on Magisk-rooted devices. 6GHz-capable. CSI not yet upstream.
broadcom-bcm4398,Broadcom,BCM43xx Wi-Fi 7,BCM4398,"BCM4398; BCM4398d05,8,9",802.11be; 802.11ax; 802.11ac,2.4GHz; 5GHz; 6GHz,1,monitor; open-firmware,ARM firmware + D11 ucode (Nexmon-patchable),patchable,Nexmon; Ghidra; radiotap,Nexmon,"Google Pixel 8 (rooted, Magisk); flagship smartphones",reported,https://github.com/seemoo-lab/nexmon; https://www.broadcom.com/products/wireless/wireless-lan-bluetooth/bcm4398; https://github.com/seemoo-lab/nexmon_csi,"Broadcom's 11be mobile combo (2x2 SDB, 320 MHz, 5-7 GHz, 4K-QAM, dual-core BT 5.2). Nexmon lists BCM4398d05,8,9 (fw 24_671_6_9) on a rooted Pixel 8 with Monitor Mode + RadioTap enabled; frame injection is NOT listed for this part, and nexmon_csi does NOT support any Wi-Fi 7 chip. Firmware is patchable via the Nexmon toolchain (same D11/ARM model as older BCM43xx) but no 11be CSI patch has been published."
broadcom-bcm6756,Broadcom,BCM67xx AP,BCM6756,BCM6756,802.11ax,2.4GHz; 5GHz; 6GHz,0,,Broadcom proprietary AP SDK firmware,closed,,,Wi-Fi 6/6E router and AP reference designs,reported,https://www.cnx-software.com/2022/04/13/broadcom-unveils-wifi-7-chips-for-access-points-and-clients/,"Wi-Fi 6/6E access-point SoC on Broadcom's closed router SDK. No Nexmon foothold and no open driver; effectively black-box for SDR-style repurposing. Listed for completeness alongside BCM4398; for an open 6E AP for sensing, prefer an MT7916-class MediaTek AP instead."
celeno-cl6000,Celeno,CL2x4x / CL6000 Denali,CL2440; CL2444; CL6020; CL6025,CL2440; CL2444; CL6020; CL6025; Denali; Wi-Fi Doppler,802.11n; 802.11ac; 802.11ax,2.4GHz; 5GHz; 6GHz,2,csi; radar; fmcw,Celeno proprietary Wi-Fi + Doppler engine,closed,,Celeno Wi-Fi Doppler Imaging announcement (Renesas),Wi-Fi Doppler client/AP reference designs; smart-home presence/fall-detection modules,reported,https://www.renesas.com/en/about/newsroom/celeno-announces-new-innovation-wi-fi-doppler-imaging; https://www.prnewswire.com/news-releases/celenos-wi-fi-doppler-imaging-technology-wins-the-2019-best-wi-fi-innovation-award-at-wi-fi-now-london-conference-300958215.html,"Built-in Wi-Fi Doppler radar mode (WFD) detects presence, falls, gestures, even breathing through walls in 5/6 GHz. The purest Wi-Fi-as-radar product in the catalog, but the Doppler engine is a closed proprietary feature with no public API, firmware, or RE tooling: tier 2 by capability but locked."
cypress-cyw43012,Cypress/Infineon,CYW43xx (low-power FullMAC),BCM43012; CYW43012,BCM43012,802.11b; 802.11g; 802.11n,2.4GHz; 5GHz,1,monitor,Broadcom/Cypress D11 microcode + ARM Cortex-M3 (low-power),partially-documented,nexmon; ghidra,nexmon (RE reference),wearables; battery IoT modules; Murata combo modules,theoretical,https://github.com/seemoo-lab/nexmon,Ultra-low-power 1x1 combo aimed at wearables/IoT. Cypress/Infineon SDK gives partial documentation; no confirmed Nexmon monitor/CSI. Candidate for future porting.
cypress-cyw4373,Cypress/Infineon,CYW43xx (USB FullMAC combo),CYW4373; CYW4373E,CYW4373E,802.11a; 802.11n; 802.11ac,2.4GHz; 5GHz,1,monitor,Cypress D11 microcode + ARM (USB-attached),closed,nexmon; ghidra,brcmfmac driver,Murata Type 1YN module; USB Wi-Fi/BT combo dongles; Raspberry Pi add-on HATs,theoretical,https://github.com/seemoo-lab/nexmon,1x1 11ac USB combo driven by brcmfmac. Same D11+ARM family; monitor/injection plausible via a Nexmon port but unproven. Attractive because USB-attached and cheap.
cypress-cyw89459,Cypress/Infineon,CYW43xx (automotive),CYW89459,,802.11n; 802.11ac; 802.11p,2.4GHz; 5GHz,0,,Cypress D11 microcode + ARM (automotive-qualified),closed,ghidra,,automotive V2X / telematics modules; in-vehicle infotainment,theoretical,https://github.com/seemoo-lab/nexmon,Automotive-grade 2x2 11ac with 802.11p (DSRC/V2X). Same lineage; no public RE. Cataloged for future 802.11p-repurposing interest.
espressif-esp32,Espressif,ESP32,ESP32-D0WD; ESP32-WROOM-32; ESP32-WROOM-32E; ESP32-WROVER-B; ESP32-DevKitC; ESP32-PICO-D4,ESP32-WROOM-32; ESP32-WROVER; ESP32-DevKitC,802.11b; 802.11g; 802.11n; Bluetooth Classic; BLE 4.2,2.4GHz,2,monitor; injection; csi; covert-channel,"Tensilica Xtensa LX6 (dual-core, 240 MHz)",partially-documented,esp-idf; ghidra; ida; openocd; gdb,"ESP32-CSI-Tool (StevenMHernandez); Wi-ESP CSI Tool; esp32-80211-tx (Jeija, raw injection); espressif/esp-csi (esp-radar sensing)",ESP32-DevKitC; ESP32-WROOM-32; TTGO T-Display; M5Stack Core; Heltec WiFi Kit 32,verified,https://github.com/StevenMHernandez/ESP32-CSI-Tool; https://stevenmhernandez.github.io/ESP32-CSI-Tool/; https://wrlab.github.io/Wi-ESP/; https://academic.oup.com/jcde/article/7/5/644/5837600; https://github.com/Jeija/esp32-80211-tx; https://github.com/espressif/esp-csi,"The reference CSI platform: built-in esp_wifi_set_csi_config/esp_wifi_set_csi_rx_cb yields per-subcarrier complex CSI (up to 52-64 usable subcarriers HT20). Raw TX via esp_wifi_80211_tx, promiscuous RX with rx_ctrl (RSSI/noise/rate/timestamp). No FFT/spectral or IQ API -> hard tier-2 ceiling. Wi-Fi MAC/PHY shipped as closed libpp/libnet80211/libphy blobs."
espressif-esp32-c2,Espressif,ESP32-C2,ESP32-C2; ESP8684; ESP8684-WROOM-01; ESP32-C2-DevKitM-1,ESP8684; ESP32-C2-DevKitM-1,802.11b; 802.11g; 802.11n; BLE 5.0,2.4GHz,1,monitor; injection,32-bit RISC-V single-core (120 MHz),partially-documented,esp-idf; ghidra; ida,,ESP32-C2-DevKitM-1; ESP8684 modules,reported,https://docs.espressif.com/projects/esp-idf/en/v5.2/esp32c2/api-guides/wifi.html,"Cost-optimized, thin RAM/flash. Monitor + raw TX verified. CSI is limited/unverified: the C2 is notably absent from Espressif's canonical CSI-support enumeration (ESP32/S2/C3/S3/C5/C6/C61). Treat CSI as reported at best on this SKU."
espressif-esp32-c3,Espressif,ESP32-C3,ESP32-C3; ESP32-C3-WROOM-02; ESP32-C3-MINI-1; ESP32-C3-DevKitM-1; ESP8685,ESP32-C3-WROOM-02; XIAO ESP32-C3; ESP32-C3-DevKitM-1,802.11b; 802.11g; 802.11n; BLE 5.0,2.4GHz,2,monitor; injection; csi; covert-channel,"32-bit RISC-V single-core (RV32IMC, 160 MHz)",partially-documented,esp-idf; ghidra; ida; openocd,ESP32-CSI-Tool; espressif/esp-csi,ESP32-C3-DevKitM-1; XIAO ESP32-C3; LOLIN C3 mini; ESP32-C3 Super Mini,verified,https://github.com/espressif/esp-csi; https://docs.espressif.com/projects/esp-idf/en/v5.2/esp32c3/api-guides/wifi.html,"First RISC-V Espressif Wi-Fi part; cheapest reliable CSI node. Full CSI/monitor/raw-TX support. Open RV32 core toolchain, closed Wi-Fi PHY blob (same tier-2 ceiling)."
espressif-esp32-c5,Espressif,ESP32-C5,ESP32-C5; ESP32-C5-WROOM-1; ESP32-C5-DevKitC-1,ESP32-C5-DevKitC-1; ESP32-C5-WROOM-1; XIAO ESP32-C5,802.11a; 802.11b; 802.11g; 802.11n; 802.11ac; 802.11ax; BLE 5.0; 802.15.4,2.4GHz; 5GHz,2,monitor; injection; csi; covert-channel,32-bit RISC-V single-core (240 MHz),partially-documented,esp-idf; ghidra; ida,espressif/esp-csi,ESP32-C5-DevKitC-1; ESP32-C5-WROOM-1; Waveshare ESP32-C5 WiFi6 kit; XIAO ESP32-C5,verified,https://www.espressif.com/en/products/socs/esp32-c5; https://github.com/espressif/esp-csi; https://www.waveshare.com/esp32-c5-wifi6-kit-n16r4.htm,"Espressif's first dual-band 2.4+5 GHz Wi-Fi 6 (802.11ax) part. CSI supported on BOTH bands per Espressif's support list -> the accessible route to 5 GHz CSI without a Broadcom/Intel firmware jailbreak, a genuinely new hobbyist capability. Wi-Fi 6 HE-LTF CSI is newer; expect the same maturing-quirk risk as the C6."
espressif-esp32-c6,Espressif,ESP32-C6,ESP32-C6; ESP32-C6-WROOM-1; ESP32-C6-MINI-1; ESP32-C6-DevKitC-1,ESP32-C6-WROOM-1; XIAO ESP32-C6; ESP32-C6-DevKitC-1,802.11b; 802.11g; 802.11n; 802.11ax; BLE 5.0; 802.15.4,2.4GHz,2,monitor; injection; csi; covert-channel,32-bit RISC-V HP core (160 MHz) + LP core; RV32IMAC,partially-documented,esp-idf; ghidra; ida; openocd,espressif/esp-csi; IDF issue #14271 (HE/L-LTF CSI quirks),ESP32-C6-DevKitC-1; ESP32-C6-WROOM-1; XIAO ESP32-C6; ESP32-C6 Super Mini,verified,https://docs.espressif.com/projects/esp-idf/en/v5.2/esp32c6/api-guides/wifi.html; https://github.com/espressif/esp-idf/issues/14271; https://github.com/espressif/esp-csi,2.4 GHz Wi-Fi 6 (802.11ax) + BLE 5 + 802.15.4 (Thread/Zigbee/Matter). CSI/monitor/TX supported. HE CSI has documented rough edges: IDF #14271 reports missing L-LTF data and wrong HT-LTF subcarrier ordering in the callback. HT (11n) CSI is solid; HE CSI is evolving.
espressif-esp32-csi,Espressif,ESP32 CSI,ESP32; ESP32-S2; ESP32-S3; ESP32-C3; ESP32-C5; ESP32-C6,ESP32 CSI Toolkit; esp-csi; Wi-ESP,802.11n; 802.11ax,2.4GHz,2,monitor; csi,"Xtensa LX6/LX7 (ESP32/S-series) or RISC-V (C-series); Wi-Fi MAC closed blob, CSI via public API",documented,,ESP32-CSI-Tool (Hernandez); esp-csi (official),ESP32 DevKitC; ESP32-C6 dev boards; $3-5 modules,verified,https://github.com/StevenMHernandez/ESP32-CSI-Tool; https://github.com/espressif/esp-csi; https://academic.oup.com/jcde/article/7/5/644/5837600,Only Tier-2 path with an official vendor CSI API. C6 adds Wi-Fi 6 but has known LTF ordering quirks (esp-idf #14271). See ../chips/espressif.md.
espressif-esp32-h2,Espressif,ESP32-H2,ESP32-H2; ESP32-H2-MINI-1; ESP32-H2-WROOM-03; ESP32-H2-DevKitM-1,ESP32-H2-DevKitM-1; ESP32-H2-WROOM,802.15.4; Thread; Zigbee; Matter; BLE 5.0,2.4GHz,1,monitor; injection,32-bit RISC-V single-core (96 MHz),partially-documented,esp-idf; ghidra; ida,,ESP32-H2-DevKitM-1; ESP32-H2-WROOM-03,verified,https://www.espressif.com/en/products/socs/esp32-h2; https://docs.espressif.com/projects/esp-idf/en/v5.2/esp32h2/api-guides/index.html,"NO Wi-Fi radio -> no Wi-Fi CSI, out of the core Wi-Fi-SDR thesis. Included for completeness: it offers raw 802.15.4 frame RX/TX at 2.4 GHz (a different-standard analog of monitor/injection) plus BLE 5. Catalogued at the floor for Wi-Fi purposes."
espressif-esp32-s2,Espressif,ESP32-S2,ESP32-S2; ESP32-S2-WROOM; ESP32-S2-WROVER; ESP32-S2-Saola-1; ESP32-S2-Kaluga-1,ESP32-S2-WROOM; ESP32-S2-Saola; Wemos S2 mini,802.11b; 802.11g; 802.11n,2.4GHz,2,monitor; injection; csi; covert-channel,"Tensilica Xtensa LX7 (single-core, 240 MHz)",partially-documented,esp-idf; ghidra; ida; openocd,ESP32-CSI-Tool,ESP32-S2-Saola-1; ESP32-S2-WROOM; Wemos/LOLIN S2 mini; ESP32-S2-Kaluga-1,verified,https://github.com/StevenMHernandez/ESP32-CSI-Tool; https://docs.espressif.com/projects/esp-idf/en/v5.2/esp32s2/api-guides/wifi.html,Wi-Fi only (no Bluetooth). Full CSI/monitor/raw-TX API parity with ESP32. Native USB-OTG makes it a clean USB-tethered CSI capture dongle.
espressif-esp32-s3,Espressif,ESP32-S3,ESP32-S3; ESP32-S3-WROOM-1; ESP32-S3-WROOM-2; ESP32-S3-DevKitC-1; ESP32-S3-BOX,ESP32-S3-WROOM-1; XIAO ESP32-S3; ESP32-S3-DevKitC-1,802.11b; 802.11g; 802.11n; BLE 5.0,2.4GHz,2,monitor; injection; csi; covert-channel,"Tensilica Xtensa LX7 (dual-core + vector/SIMD DSP, 240 MHz)",partially-documented,esp-idf; esp-dl; ghidra; ida,ESP32-CSI-Tool; espressif/esp-csi,ESP32-S3-DevKitC-1; ESP32-S3-WROOM-1; XIAO ESP32-S3; ESP32-S3-BOX-3; Freenove S3,verified,https://github.com/espressif/esp-csi; https://docs.espressif.com/projects/esp-idf/en/v5.2/esp32s3/api-guides/wifi.html,Same CSI/monitor/TX APIs as ESP32; the LX7 vector extensions make on-device CSI feature extraction and TinyML sensing (motion/respiration classifiers) viable without offloading.
espressif-esp8266,Espressif,ESP8266,ESP8266EX; ESP-01; ESP-12E; ESP-12F; ESP-07,ESP-12; ESP-12E; ESP-12F; ESP-01; NodeMCU; Wemos D1 mini,802.11b; 802.11g; 802.11n,2.4GHz,2,monitor; injection; csi; covert-channel,"Tensilica Xtensa L106 (single-core, 80/160 MHz)",partially-documented,esp-idf; esp8266-rtos-sdk; ghidra; ida,ESP8266 RTOS SDK esp_wifi_set_csi_rx_cb (ESP-FAQ),ESP-01; ESP-12E/F; NodeMCU v1; Wemos/LOLIN D1 mini; Sonoff (ESP8285),reported,https://docs.espressif.com/projects/esp-faq/en/latest/software-framework/wifi.html; https://github.com/espressif/ESP8266_RTOS_SDK,"Monitor + injection are the classic, verified use (deauth/sniffer platform). CSI is documented in Espressif's ESP-FAQ via esp_wifi_set_csi_rx_cb() but the mainstream CSI toolkits (ESP32-CSI-Tool, Wi-ESP) are all ESP32; ESP8266 CSI is reported, not community-proven. No spectral/IQ access. Wi-Fi PHY is a closed blob."
ettus-usrp,Ettus Research,USRP B200/B210/N210/N310,USRP B200; USRP B210; USRP N210; USRP N310; AD9361; AD9364; AD9371,,,sub-GHz; 2.4GHz; 5GHz; 6GHz,5,raw-iq; arbitrary-waveform; passive-radar; radar,"AD936x/AD9371 transceiver + Spartan/Kintex/Zynq FPGA (open UHD, large FPGA on N310)",open,UHD; GNU Radio; RFNoC,UHD / Ettus KB,,verified,https://www.ettus.com/all-products/ub210-kit/; https://kb.ettus.com/B200/B210/B200mini/B205mini/B206mini,Research-standard. B200/B210 70MHz-6GHz 56MHz BW 12-bit; N310 4x4 10MHz-6GHz up to 100MHz/ch 14-bit. Far end of the yardstick; instrument-grade open PHY.
gateworks-gw16167,Gateworks,Wi-Fi HaLow (IEEE 802.11ah),GW16167,GW16167,IEEE 802.11ah; Wi-Fi HaLow,sub-GHz,1,monitor; injection,,closed,Morse Micro GPL-2.0 mac80211 driver / OpenWrt SDK,Gateworks GW16167 product page,Morse Micro MM8108 SoC; M.2 card form factor; Gateworks Venice/Newport SBCs,verified,https://www.gateworks.com/products/wireless-options/gw16167-mm8108-802-11ah-halow-wifi-m2-card/,M.2 HaLow radio card built on Morse Micro MM8108 (second-gen). Targets embedded gateways/SBCs. Inherits Morse open GPL mac80211 driver (tier-1 monitor+injection) and closed MM8108 firmware blob + BCF. Net-new named module record; complements the earlier NRC7292-based Gateworks GW16146 mini-PCIe.
greatscott-hackrf-one,Great Scott Gadgets,HackRF One,HackRF One; MAX2837; MAX5864,HackRF,,sub-GHz; 2.4GHz; 5GHz,5,raw-iq; arbitrary-waveform; monitor; injection; spectral-scan,NXP LPC43xx Cortex-M4/M0 (open firmware),open,hackrf tools; GNU Radio,HackRF,,verified,https://greatscottgadgets.com/hackrf/; https://hackrf.readthedocs.io/en/latest/hackrf_one.html,"1MHz-6GHz, 20MHz BW, 8-bit, half-duplex TX/RX. Canonical open TX-capable hacker SDR; the arbitrary-waveform reference."
greatscottgadgets-ubertooth-one,Great Scott Gadgets,Ubertooth (CC2400 + LPC17xx),Ubertooth One; CC2400; LPC1756,Ubertooth One; CC2400,"Bluetooth LE; Bluetooth Classic (BR, partial)",2.4GHz,3,monitor; spectral-scan; open-firmware,ARM Cortex-M3 (NXP LPC1756) + CC2400 transceiver,open,gcc-arm; ghidra,Project Ubertooth; Ubertooth documentation,Ubertooth One,verified,https://github.com/greatscottgadgets/ubertooth; https://ubertooth.readthedocs.io/en/latest/,"Open 2.4 GHz platform: CC2400 transceiver + LPC1756 Cortex-M3, fully open firmware (bluetooth_rxtx). Sniffs BLE, partial BT Classic (BR), and runs ubertooth-specan, a real spectrum-analyzer/spectral-scan across 2.4 GHz via CC2400 RSSI sweeps (tier 3). Because the firmware is yours, the CC2400's PHY telemetry is fully exposed."
ti-cc1111-yardstick,Great Scott Gadgets,CC111x/CC251x + RfCat,CC1111; CC1110; CC2510; CC2511,CC1111; YARD Stick One; CC1110; CC2510; CC2511,2-FSK; GFSK; MSK; ASK; OOK,sub-GHz,1,monitor; injection; arbitrary-waveform; spectral-scan; open-firmware,8051 core + CC1101-class radio + USB,open,rfcat; sdcc,YARD Stick One; RfCat,YARD Stick One; IM-Me; TI Chronos watch,verified,https://greatscottgadgets.com/yardstickone/; https://github.com/atlas0fd00m/rfcat,"CC1111 = CC1101 radio + 8051 + USB. YARD Stick One runs RfCat (open firmware) exposing the transceiver from an interactive Python shell: 2-FSK/GFSK/MSK/ASK/OOK, raw register access, RSSI-sweep spectrum. RfCat also supports CC1110/CC2510/CC2511."
infineon-bgt60tr13c,Infineon,XENSIV 60 GHz FMCW radar (Google Soli),BGT60TR13C; DEMO BGT60TR13C; DEMOBGT60TR13CTOBO1,BGT60TR13C; Soli; XENSIV 60GHz,FMCW radar (non-Wi-Fi),60GHz,4,radar; fmcw; raw-iq; arbitrary-waveform,60 GHz radar MMIC + integrated FSM/FIFO; host MCU control (Avian driver),documented,Infineon Radar SDK; Avian driver; Radar Fusion GUI,Infineon Radar SDK / BGT60TR13C,Google Pixel 4 (Soli); Google Nest Hub 2nd gen (sleep sensing); DEMO BGT60TR13C kit,verified,https://www.infineon.com/part/BGT60TR13C; https://www.everythingrf.com/news/details/9085-Infineon-s-60-GHz-Radar-Chip-Brings-Motion-Detection-to-Google-Pixel-4; https://www.mouser.com/datasheet/2/196/Infineon_DS_BGT60TR13C_DataSheet_v02_49_EN-3421982.pdf,"PURPOSE-BUILT radar included as the yardstick, NOT a repurposed Wi-Fi chip. The 60 GHz FMCW radar behind Google Soli (Pixel 4 gesture control, Nest presence/sleep sensing). 57-64 GHz, >5 GHz sweep bandwidth, 1 Tx / 3 Rx antenna-in-package (L-shaped for azimuth+elevation). Configured via Infineon's documented Radar SDK / Avian driver / Fusion GUI, which expose raw IQ frames -> range-Doppler-angle. Tier 4 (arbitrary FMCW chirp + raw IQ). Canonical reference for what a real 60 GHz gesture/vital-sign radar looks like when benchmarking a Wi-Fi-based imitation."
intel-ax200-ax201,Intel,AX200 (Cyclone Peak),AX200NGW; AX201NGW; AX1650,Intel Wi-Fi 6 AX200; Intel Wi-Fi 6 AX201; AX200NGW; Killer Wi-Fi 6 AX1650,802.11a; 802.11b; 802.11g; 802.11n; 802.11ac; 802.11ax,2.4GHz; 5GHz,2,monitor; injection; csi,Proprietary Intel LMAC + UMAC firmware (signed); iwlwifi-cc-a0 ucode,patchable,AX-CSI (modified firmware + iwlwifi patch); FeitCSI; PicoScenes; CSIKit,"AX-CSI (Gringoli et al., WiNTECH'21); FeitCSI; PicoScenes; CSIKit",Intel Wi-Fi 6 AX200 discrete M.2/mini-PCIe; AX201 CNVi (10th-gen+ laptops),verified,https://dl.acm.org/doi/10.1145/3477086.3480833; https://ans.unibs.it/assets/documents/axcsi.pdf; https://feitcsi.kuskosoft.com/; https://github.com/KuskoSoft/FeitCSI,"Wi-Fi 6 (11ax) 2x2. First post-5300 Intel CSI, via AX-CSI (research), FeitCSI (turn-key, MIT, GUI/CLI, also frame injection) and PicoScenes (multi-NIC, up to 27 concurrent). CSI for all OFDM formats 11a/g/n/ac/ax; AX-CSI handles up to 160 MHz HE / ~1992 subcarriers per packet; FeitCSI up to 512 subcarriers at 16-bit signed. Firmware is closed/signed - tools ride the vendor's own CSI/debug host-command surface. Ceiling tier 2 (frame-level injection does not raise the tier)."
intel-ax210-ax211,Intel,AX210 (Typhoon Peak),AX210NGW; AX211NGW; AX1675,Intel Wi-Fi 6E AX210; Intel Wi-Fi 6E AX211; AX210NGW; Killer AX1675,802.11a; 802.11b; 802.11g; 802.11n; 802.11ac; 802.11ax,2.4GHz; 5GHz; 6GHz,2,monitor; injection; csi,Proprietary Intel LMAC + UMAC firmware (signed); iwlwifi-ty-a0 ucode,patchable,AX-CSI; FeitCSI; PicoScenes; CSIKit,PicoScenes 6 GHz CSI; FeitCSI; AX-CSI,Intel Wi-Fi 6E AX210 discrete M.2; AX211 CNVi (12th-gen+ laptops),verified,https://zpj.io/wifi-sensing-in-the-6-ghz-band_eng/; https://feitcsi.kuskosoft.com/; https://ps.zpj.io/,Wi-Fi 6E: adds the 6 GHz band (5945-7125 MHz) and 160 MHz channels. Intel's most capable sensing NIC today. PicoScenes is (per its authors) the first/only public platform doing 11ax CSI + packet injection in 6 GHz on the AX210; FeitCSI also captures 6 GHz CSI. Same closed/signed firmware model as AX200. Ceiling tier 2.
intel-ax210-csi,Intel,Wi-Fi 6E AX200/AX210 (iwlwifi),AX200; AX201; AX210; AX211,AX-CSI; IAX; FeitCSI; AX200; AX210,802.11a; 802.11g; 802.11n; 802.11ac; 802.11ax,2.4GHz; 5GHz; 6GHz,2,monitor; injection; csi,"Intel closed microcode (ARC-based), iwlwifi",patchable,binary-patched-ucode; ida; ghidra,AX-CSI / IAX (Gringoli et al.); FeitCSI; PicoScenes,Intel AX200 M.2/mini-PCIe; Intel AX210 M.2 (6 GHz capable),verified,https://ans.unibs.it/assets/documents/axcsi.pdf; https://github.com/KuskoSoft/FeitCSI; https://ieeexplore.ieee.org/document/10944229/; https://ps.zpj.io/,Modern Wi-Fi 6/6E CSI. AX-CSI (WiNTECH'21) first; FeitCSI is the packaged CLI+GUI+live-USB; PicoScenes is the multi-NIC platform. See ../chips/intel.md.
intel-be200,Intel,BE200 (Gale Peak 2),BE200NGW; BE1750,Intel Wi-Fi 7 BE200; BE200NGW; Killer BE1750,802.11a; 802.11b; 802.11g; 802.11n; 802.11ac; 802.11ax; 802.11be,2.4GHz; 5GHz; 6GHz,2,monitor; injection; csi,Proprietary Intel LMAC + UMAC firmware (signed); iwlwifi-gl ucode,closed,FeitCSI (reported/likely); PicoScenes (TBD),FeitCSI,Intel Wi-Fi 7 BE200 discrete M.2,reported,https://cdrdv2-public.intel.com/761674/761674_Intel_Wi-Fi_7_BE200_GalePeak2_Product_Brief_Rev1p1.pdf; https://feitcsi.kuskosoft.com/,"Intel's first Wi-Fi 7 (802.11be) part: 2x2, 2.4/5/6 GHz, up to 320 MHz and 4K-QAM. No published tool yet confirms 320 MHz 11be CSI; FeitCSI authors note only 'high possibility' the newest NIC is supported, and AX-CSI/PicoScenes docs stop at AX210/AX211. Treat CSI as emerging/reported until a verified capture appears. Firmware closed/signed."
intel-be201,Intel,Wi-Fi 7 (Gale),BE201,BE201; Intel Wi-Fi 7 BE201; Gale,802.11be; 802.11ax; 802.11ac,2.4GHz; 5GHz; 6GHz,1,monitor,Intel closed ucode (gl series) + PNVM platform blob,closed,Wireshark/radiotap; iwlwifi debugfs,iwlwifi (Linux ≥6.5); PicoScenes; FeitCSI,CNVio2 soldered-down module (requires Intel host MAC); laptop mainboards,reported,https://wireless.docs.kernel.org/en/latest/en/users/drivers/iwlwifi.html; https://www.intel.com/content/www/us/en/download/824804/intel-wireless-wi-fi-drivers-for-linux.html; https://ps.zpj.io/; https://feitcsi.kuskosoft.com/,"CNVio2 companion of BE200; same 'Gale' (gl) firmware family. Upstream iwlwifi monitor works from kernel 6.5; injection is firmware-restricted as on all Intel parts. CSI is NOT available: PicoScenes/FeitCSI verify only AX200/AX210, and the AX210 firmware-notification RE has not been ported to the Gale blob. For commodity Intel CSI today use AX210, not a BE200/BE201."
intel-iwl4965,Intel,IWL4965 (Kilmer Peak),4965AGN,Intel Wireless WiFi Link 4965AGN; iwl4965,802.11a; 802.11b; 802.11g; 802.11n,2.4GHz; 5GHz,1,monitor; injection,Proprietary Intel Wireless-MAC microcontroller; iwlwifi-4965 ucode,closed,,,Intel 4965AGN mini-PCIe,verified,https://wireless.wiki.kernel.org/en/users/drivers/iwl4965,"Intel's first 802.11n (draft-n) part, 2x3 MIMO. No CSI/PHY telemetry path; monitor/injection only via mac80211/iwl4965."
intel-iwl5100-5150,Intel,IWL5000 (Shirley Peak),512AN_MMW; 512AN_HMW,Intel WiFi Link 5100; Intel WiFi Link 5150; 512AN_MMW; 512AN_HMW,802.11a; 802.11b; 802.11g; 802.11n,2.4GHz; 5GHz,1,monitor; injection,Proprietary Intel Wireless-MAC microcontroller; iwlwifi-5000 ucode,closed,,,Intel WiFi Link 5100 (1x2) mini-PCIe; Intel WiFi Link 5150 (2.4 GHz),verified,https://dhalperi.github.io/linux-80211n-csitool/,"Lower-antenna siblings of the 5300. The 5300 CSI ucode hard-codes 3 receive chains, so the 1x2 5100 / 2x2 5150 are NOT supported by the CSI tool. Usable only as ordinary mac80211 monitor/injection radios."
intel-iwl5300,Intel,IWL5000 (Shirley Peak),533AN_MMW; 533AN_HMW,Intel WiFi Link 5300; IWL5300 AGN; 533AN_MMW; 533AN_HMW,802.11a; 802.11b; 802.11g; 802.11n,2.4GHz; 5GHz,2,monitor; injection; csi,Proprietary Intel Wireless-MAC microcontroller (undocumented ISA); iwlwifi-5000 ucode,patchable,linux-80211n-csitool; modified iwlwifi-5000 ucode; connector/netlink log_to_file; matlab read_bfee,Linux 802.11n CSI Tool (Halperin et al.); linux-80211n-csitool source; PicoScenes (multi-NIC); CSIKit parser,Intel WiFi Link 5300 mini-PCIe card (3 antennas required),verified,https://dhalperi.github.io/linux-80211n-csitool/; https://github.com/dhalperi/linux-80211n-csitool; https://dl.acm.org/doi/10.1145/1925861.1925870,"The original 802.11n CSI tool. Reports channel matrix H for 30 subcarrier groups, signed 8-bit I and 8-bit Q per Tx/Rx pair (up to 3x3), plus per-chain RSSI/noise/AGC. Requires the patched 'connector' ucode + patched iwlwifi/mac80211, pinned to old kernels (classic: Ubuntu 10.04 / 2.6.36). Only the 3-antenna 5300 works; 5100/5150 excluded by hard-coded 3-chain layout. Ceiling is tier 2 (CSI) - no spectral/raw-IQ/arbitrary-TX."
intel-iwl5300-csi,Intel,Wi-Fi Link 5300 (iwlwifi),533AN_HMW; 533AN_MMW,IWL5300; Intel 5300; Ultimate-N 5300,802.11a; 802.11g; 802.11n,2.4GHz; 5GHz,2,monitor; csi,Intel closed microcode (iwlwifi),closed,binary-patched-ucode; ida,Linux 802.11n CSI Tool (Halperin); PicoScenes,Intel 5300 mini-PCIe card; ThinkPad-era laptops with 3 antennas,verified,https://dhalperi.github.io/linux-80211n-csitool/; https://github.com/dhalperi/linux-80211n-csitool; https://ps.zpj.io/,"The original commodity CSI tool (SIGCOMM CCR 2011). 30 subcarrier groups, 20/40 MHz 802.11n. Kernel/firmware-version locked. See ../chips/intel.md."
intel-iwl6200-6300,Intel,IWL6000 (Centrino Advanced-N / Ultimate-N),622ANHMW; 633ANHMW,Centrino Advanced-N 6200; Centrino Ultimate-N 6300; 622ANHMW; 633ANHMW,802.11a; 802.11b; 802.11g; 802.11n,2.4GHz; 5GHz,1,monitor; injection,Proprietary Intel Wireless-MAC microcontroller; iwlwifi-6000 ucode,closed,,,Intel Centrino Advanced-N 6200 (2x2); Intel Centrino Ultimate-N 6300 (3x3),verified,https://wireless.wiki.kernel.org/en/users/drivers/iwlwifi,"The 6300 is a 3x3 802.11n part sometimes floated as a 5300 stand-in, but no maintained public CSI firmware exists for the 6000 series. Monitor/injection only."
intel-iwl7260-7265,Intel,IWL7000 (Wilkins/Stone Peak),7260HMW; 7265D; 7265NGW,Intel Wireless-AC 7260; Intel Wireless-AC 7265; Dual Band Wireless-AC 7260,802.11a; 802.11b; 802.11g; 802.11n; 802.11ac,2.4GHz; 5GHz,1,monitor; injection,Proprietary Intel LMAC + UMAC firmware split; iwlwifi-7260/7265 ucode,closed,,,Intel Wireless-AC 7260 M.2/mini-PCIe; Intel Wireless-AC 7265 M.2,verified,https://wireless.wiki.kernel.org/en/users/drivers/iwlwifi,"First 802.11ac Intel generation, 2x2. No public CSI/PHY tooling; monitor/injection only. Firmware moves to the signed LMAC/UMAC image model."
intel-iwl8260-8265,Intel,IWL8000 (Windstorm Peak),8260NGW; 8265NGW,Intel Dual Band Wireless-AC 8260; Intel Wireless-AC 8265,802.11a; 802.11b; 802.11g; 802.11n; 802.11ac,2.4GHz; 5GHz,1,monitor; injection,Proprietary Intel LMAC + UMAC firmware; iwlwifi-8000C/8265 ucode (signed),closed,,,Intel Wireless-AC 8260 M.2; Intel Wireless-AC 8265 M.2,verified,https://wireless.wiki.kernel.org/en/users/drivers/iwlwifi,802.11ac 2x2. No public CSI path; monitor/injection only. Firmware is signed.
intel-iwl9260-9560,Intel,IWL9000 (Thunder/Jefferson Peak),9260NGW; 9560NGW; 9461NGW; 9462NGW,Intel Wireless-AC 9260; Intel Wireless-AC 9560; Intel Wireless-AC 9461/9462,802.11a; 802.11b; 802.11g; 802.11n; 802.11ac,2.4GHz; 5GHz,1,monitor; injection,Proprietary Intel LMAC + UMAC firmware; iwlwifi-9000 ucode (signed),closed,,,Intel Wireless-AC 9260 (discrete M.2); Intel Wireless-AC 9560 (CNVi),verified,https://wireless.wiki.kernel.org/en/users/drivers/iwlwifi,"802.11ac Wave 2, 2x2. 9260 is discrete; 9560 is CNVi (companion RF next to the CPU). No maintained public CSI tooling. Monitor/injection only."
lime-limesdr,Lime Microsystems,LimeSDR / LimeSDR Mini,LimeSDR; LimeSDR Mini; LMS7002M,,,sub-GHz; 2.4GHz; 5GHz,5,raw-iq; arbitrary-waveform,LMS7002M field-programmable RF + FX3/FPGA,open,LimeSuite; SoapySDR; GNU Radio; srsRAN,,,verified,https://limemicro.com/; https://wiki.myriadrf.org/LimeSDR,"100kHz-3.8GHz (Mini 10MHz-3.5GHz), 12-bit, up to 61.44/30.72 MSPS, 2x2 / 1x1 full-duplex. Favored for open-source cellular."
marvell-88w8897,Marvell,Avastar,88W8897; 88W8997; SD8887; SD8897,88W8897; 88W8997; SD8887; SD8897; Avastar,802.11a; 802.11b; 802.11g; 802.11n; 802.11ac,2.4GHz; 5GHz,1,monitor; injection; csi,ThreadX RTOS on on-chip MAC/PHY controller,closed,ida; ghidra,Project Zero: Over The Air (Marvell Avastar firmware RE); mwifiex mainline driver,Sony PlayStation 4; Microsoft Surface; Chromebooks; Steam Link; SDIO IoT modules,reported,https://googleprojectzero.blogspot.com/2017/04/over-air-exploiting-broadcoms-wi-fi_4.html; https://github.com/torvalds/linux/tree/master/drivers/net/wireless/marvell/mwifiex,"mwifiex gives monitor mode (tier 1). Gal Beniamini reverse-engineered the 88W8897 Wi-Fi firmware (ThreadX RTOS) for exploitation, proving the firmware is openable with IDA/Ghidra, but no SDR/CSI feature has been productized, so CSI is only reported."
mediatek-mt7601u,MediaTek,MT7601U,MT7601U,MT7601U; MT7601; mt7601u,802.11b; 802.11g; 802.11n,2.4GHz,1,monitor,MediaTek on-chip MCU (ROM patch + RAM firmware),closed,ghidra,mt7601u driver (mainline),cheapest MediaTek monitor-mode USB dongles,verified,https://github.com/morrownr/USB-WiFi/issues/575; https://wireless.docs.kernel.org/en/latest/en/users/drivers/mediatek.html,"Open mt7601u driver, closed MCU firmware. Cheapest MediaTek dongle; monitor good, injection flaky."
mediatek-mt7610u,MediaTek,MT76x0 (MT7610U),MT7610U; MT7610E,MT7610U; MT7610; mt76x0u,802.11a; 802.11b; 802.11g; 802.11n; 802.11ac,2.4GHz; 5GHz,1,monitor; injection,MediaTek on-chip MCU (ROM patch + RAM firmware),closed,ghidra,mt76 driver,compact dual-band 11ac 1T1R USB dongles,verified,https://github.com/openwrt/mt76; https://wireless.docs.kernel.org/en/latest/en/users/drivers/mediatek.html,"Open mt76 driver, closed MCU firmware."
mediatek-mt7612u,MediaTek,MT76x2 (MT7612U/E),MT7612U; MT7612E; MT7662,MT7612U; MT7612E; MT7662; mt76x2u; mt76x2e,802.11a; 802.11b; 802.11g; 802.11n; 802.11ac,2.4GHz; 5GHz,1,monitor; injection,MediaTek on-chip MCU (ROM patch + RAM firmware),closed,ghidra,mt76 driver; morrownr/mt76 out-of-tree,Alfa AWUS036ACM; many 2x2 11ac USB adapters,verified,https://github.com/openwrt/mt76; https://blog.alfa.com.tw/2018/09/17/awus036acm-alternative-linux-driver-information/; https://github.com/morrownr/USB-WiFi,"Distinct from AWUS036AC (RTL8812AU). Open mt76 driver, closed MCU firmware. PCIe sibling MT7612E is the same PHY."
mediatek-mt7615-mt7663,MediaTek,MT7615 / MT7663 (ConnAC),MT7615; MT7615N; MT7663; MT7663U; MT7663S,MT7615; MT7615N; MT7615D; MT7663; MT7663U; MT7622; mt7615; mt7663u,802.11a; 802.11b; 802.11g; 802.11n; 802.11ac,2.4GHz; 5GHz,1,monitor; injection,"ConnAC dual-MCU: WM (WiFi-MAC) + WA (WiFi-Algorithm) firmware, ARM-class cores",partially-documented,ghidra; ida,mt76 driver; MT7615 device family (DeepWiki),802.11ac routers/APs (MT7615); 2x2 client modules (MT7663 M.2/USB/SDIO); MT7622 router SoCs,verified,https://deepwiki.com/openwrt/mt76/8-mt7615-device-family; https://github.com/openwrt/mt76,"Open mt76 driver, closed WM/WA blobs but open MCU-command interface. Unlock path is driver patching, not firmware patching."
mediatek-mt7902,MediaTek,Filogic (Wi-Fi 6E),MT7902,MT7902,802.11ax; 802.11ac,2.4GHz; 5GHz; 6GHz,1,monitor; injection,MediaTek closed on-chip firmware blob; open mt76 driver,closed,mt76 (open-source driver); MtkCSIdump (untested on this part),mt76 MT7902 support,M.2 2230 combo cards; OEM laptop Wi-Fi,reported,https://lwn.net/Articles/1030810/; https://github.com/MtkWifiRev/MtkCSIdump,"Wi-Fi 6E (not Wi-Fi 7, despite the similar name to MT7925/7927). Upstream mt76 support was added 'based on MT7921', so it reuses the mature mt7921 code path with monitor and injection. CSI via MtkCSIdump is plausible (same mt76 family) but unverified on this specific part."
mediatek-mt7915-mt7916,MediaTek,MT7915 / MT7916 (ConnAC Wi-Fi 6),MT7915; MT7915E; MT7915D; MT7916; MT7986,MT7915; MT7915E; MT7916; MT7986; mt7915,802.11a; 802.11b; 802.11g; 802.11n; 802.11ac; 802.11ax,2.4GHz; 5GHz,2,monitor; injection; csi,"ConnAC2 dual-MCU: WM (WiFi-MAC) + WA (WiFi-Algorithm) firmware, ARM-class cores; ROM patch + RAM code",partially-documented,ghidra; ida,MtkCSIdump; ekstra-csi (full-metadata); mt76 driver,"MT7915 802.11ax routers/APs (up to 4x4, 160 MHz); MT7986/Filogic 830 router SoCs; GL.iNet / Xiaomi / TP-Link Archer OpenWrt routers",verified,https://github.com/MtkWifiRev/MtkCSIdump; https://github.com/imxdemetri/ekstra-csi; https://forum.openwrt.org/t/csi-extraction-for-mediatek-based-wi-fi-chipsets/244703; https://deepwiki.com/openwrt/mt76/7-mt7915-device-family,"Cheapest/cleanest Wi-Fi-6 CSI route on commodity routers. Dual-MCU WM+WA; unlock is a DRIVER patch, unlike Broadcom's nexmon firmware patch. See ../projects/csi-toolchains.md."
mediatek-mt7921,MediaTek,MT7921 (ConnAC Wi-Fi 6 client),MT7921; MT7921E; MT7921U; MT7921K,MT7921; MT7921E; MT7921U; MT7921K; MT7921AU; mt7921,802.11a; 802.11b; 802.11g; 802.11n; 802.11ac; 802.11ax,2.4GHz; 5GHz,1,monitor; injection,"ConnAC2 dual-MCU: WM + WA firmware, ARM-class cores",partially-documented,ghidra; ida,mt76 driver; morrownr/USB-WiFi (injection tracking),Alfa AWUS036AXM; laptop M.2 modules; USB/SDIO client adapters,verified,https://github.com/morrownr/USB-WiFi/issues/387; https://github.com/openwrt/mt76,"In the Alfa AWUS036AXM. Shares ConnAC MCU-command lineage with MT7915, so client-side CSI is a plausible next target."
mediatek-mt7922,MediaTek,MT7922 (ConnAC Wi-Fi 6E client),MT7922,MT7922; MT7922A22M; mt7922,802.11ax,2.4GHz; 5GHz; 6GHz,1,monitor; injection,"ConnAC2 dual-MCU: WM + WA firmware, ARM-class cores",partially-documented,ghidra; ida,mt76 driver (mt7921 sub-driver),Alfa AWUS036AXML; Ryzen/laptop M.2 Wi-Fi 6E modules,verified,https://github.com/morrownr/mt76; https://github.com/openwrt/mt76,In the Alfa AWUS036AXML. 6 GHz-capable client on open mt76.
mediatek-mt7925-wifi7,MediaTek,MT7925 / MT7927 (Wi-Fi 7 client),MT7925; MT7927; MT7928,MT7925; MT7927; MT7928; mt7925,802.11be,2.4GHz; 5GHz; 6GHz,1,monitor; injection,"ConnAC3 dual/triple-MCU firmware, ARM-class cores",partially-documented,ghidra; ida,morrownr/mt76 (out-of-tree),Wi-Fi 7 laptop M.2 modules; early Wi-Fi 7 USB adapters,reported,https://github.com/morrownr/mt76,Natural next-cycle target: whether the MT7915-style vendor-CSI path extends to Wi-Fi 7 client MCUs.
mediatek-mt7927,MediaTek,Filogic 380,MT7927,MT7927; Filogic 380; MT6639 (BT companion),802.11be; 802.11ax; 802.11ac,2.4GHz; 5GHz; 6GHz,1,monitor; injection,MediaTek closed on-chip firmware blob; open mt76 driver,closed,mt76 (open-source driver); MtkCSIdump (older-gen); Wireshark/radiotap,mt76 / mt7925 driver; MT7927 DKMS; MtkCSIdump,M.2 2230 combo cards; ASUS ROG / handheld laptops,reported,https://lwn.net/Articles/1063834/; https://www.phoronix.com/news/MediaTek-MT7927-WiFi-Linux; https://github.com/jetm/mediatek-mt7927-dkms; https://github.com/MtkWifiRev/MtkCSIdump,"2x2 11be client, 320 MHz, 4K-QAM, MLO; architecturally an MT7925 Wi-Fi die (+MT6639 BT) on PCIe, so it rides the open mt76/mt7925 driver which supports STA/AP/P2P/monitor and good injection. Upstreaming was in ~4th review round on linux-wireless (2025-2026); out-of-tree DKMS covers kernels 6.17+. CSI NOT yet available on 11be: MtkCSIdump works on older MT7915/MT7921 without firmware mods but has not been ported to 320 MHz 11be — the most tractable open CSI target here given the open driver."
mediatek-mt7981-filogic,MediaTek,MT7981 / mt7976 (Filogic 820),MT7981; MT7981B; MT7986,MT7981; MT7981B; mt7976; Filogic 820; Filogic 830 MT7986,802.11ax,2.4GHz; 5GHz; 6GHz,2,monitor; injection; csi,ConnAC3 triple-core: WM + WA + WO (WiFi-offload) MCU firmware; ROM patch + RAM code,partially-documented,ghidra; ida,MtkCSIdump (tested on OpenWrt One); ekstra-csi,OpenWrt One (MT7981B / mt7976 radio); GL.iNet / Xiaomi Filogic routers,verified,https://github.com/MtkWifiRev/MtkCSIdump; https://forum.openwrt.org/t/ekstra-csi-full-metadata-csi-extraction-for-mt76-on-openwrt/247100,"The concrete, reproducible MediaTek CSI target as of 2024-2026. Triple-MCU (WM/WA/WO). Firmware blobs shipped in linux-firmware/mediatek."
ralink-rt2500,MediaTek,RT2500 / RT2570,RT2500; RT2560; RT2570,RT2500; RT2500PCI; RT2570; RT2570USB; rt2x00,802.11b; 802.11g,2.4GHz,1,monitor; injection,Ralink proprietary MAC microcode (small MCU),closed,,rt2x00 driver (mac80211),early 802.11b/g PCI cards; RT2570 USB dongles,verified,https://wireless.wiki.kernel.org/en/users/drivers/rt2x00; https://wikidevi.wi-cat.ru/Mt76,"Canonical early aircrack-ng cards. Open driver, closed MAC microcode blob. Never climbed past Tier 1."
ralink-rt2870-rt3070,MediaTek,RT2870 / RT3070,RT2870; RT3070; RT3070L; RT2770,RT2870; RT3070; RT3070L; RT2770; rt2800usb,802.11b; 802.11g; 802.11n,2.4GHz,1,monitor; injection,"Ralink proprietary MAC microcode (rt2870.bin/rt3070.bin, small MCU)",closed,ghidra,rt2800usb driver,Alfa AWUS036NH; TP-Link TL-WN727N; D-Link/Sitecom/countless clones,verified,https://forum.aircrack-ng.org/index.php?topic=1363.0; https://wireless.wiki.kernel.org/en/users/drivers/rt2800usb,"Reference cheap injection dongle. Open driver, closed MAC microcode. Tier 1 only."
ralink-rt3572,MediaTek,RT3572,RT3572,RT3572; rt2800usb,802.11a; 802.11b; 802.11g; 802.11n,2.4GHz; 5GHz,1,monitor; injection,Ralink proprietary MAC microcode (small MCU),closed,,rt2800usb driver,Alfa AWUS051NH; dual-band 11n USB dongles,verified,https://wireless.wiki.kernel.org/en/users/drivers/rt2800usb,rt2800usb dual-band 802.11n. Tier 1.
ralink-rt5370-rt5372,MediaTek,RT5370 / RT5372,RT5370; RT5372,RT5370; RT5372; rt2800usb,802.11b; 802.11g; 802.11n,2.4GHz,1,monitor; injection,Ralink proprietary MAC microcode (small MCU),closed,,rt2800usb driver,ubiquitous cheap dongles; Raspberry Pi Wi-Fi kits,verified,https://forum.aircrack-ng.org/index.php?topic=1188.0; https://wireless.wiki.kernel.org/en/users/drivers/rt2800usb,"Late-Ralink low-power parts, rt2800usb. No CSI/spectral."
atmel-at86rf2xx,Microchip,AT86RF2xx 802.15.4,AT86RF230; AT86RF231; AT86RF233; AT86RF212B; ATmega128RFA1; ATmega256RFR2,AT86RF230; AT86RF231; AT86RF233; AT86RF212; ATmega128RFA1; ATmega256RFR2; RZUSBstick,802.15.4; Zigbee,sub-GHz; 2.4GHz,1,monitor; injection,fixed-function 802.15.4 transceiver; ATmega128RFA1 adds an AVR core,documented,,KillerBee (Zigbee attack framework); AT86RF233 product page,Atmel RZUSBstick (AT86RF230); Atmel RZ Raven; RIOT/Contiki nodes,verified,https://github.com/riverloopsec/killerbee; https://www.microchip.com/en-us/product/at86rf233,IEEE 802.15.4 transceivers (2.4 GHz and sub-GHz) plus the ATmega128RFA1/256RFR2 AVR radio SoCs. KillerBee drives the RZUSBstick and RZ Raven for monitor + injection. Documented PHYs; RIOT/Contiki drive them bare-metal.
microchip-at86rf215,Microchip,AT86RF215 dual-band 802.15.4g + I/Q radio,AT86RF215; AT86RF215M; AT86RF215IQ,AT86RF215; AT86RF215-ZU; AT86RF215IQ,802.15.4g; ETSI TS 102 887-1,sub-GHz; 2.4GHz,4,monitor; injection; raw-iq; arbitrary-waveform,"dual independent transceiver + baseband, with a documented raw I/Q LVDS interface that bypasses the baseband",documented,,AT86RF215 datasheet (I/Q data interface); On Microchip AT86RF215 Radios (Wireless Pi),AT86RF215 evaluation boards; OpenWSN nodes; 802.15.4g research rigs,verified,https://ww1.microchip.com/downloads/en/DeviceDoc/Atmel-42415-WIRELESS-AT86RF215_Datasheet.pdf; https://wirelesspi.com/on-microchip-at86rf215-radios/,"The accidental true-ish SDR of the non-Wi-Fi set: a documented raw I/Q data interface (three LVDS lanes, 13-bit I/Q up to ~4 MHz) lets you bypass the on-chip baseband, pull raw complex samples for your own DSP, and feed arbitrary I/Q in for TX. That is tier-4 arbitrary-waveform/raw-iq access with no firmware reversing, because the port is manufacturer-documented. Narrowband, but genuine front-end-level access on a commodity ISM chip."
microphase-antsdr-openwifi,MicroPhase,ANTSDR / E310 (openwifi),ANTSDR E310; ANTSDR E200,ANTSDR; antsdr; e310v2; antsdr_e200; MicroPhase ANTSDR,802.11a; 802.11g; 802.11n,sub-GHz; 2.4GHz; 5GHz,5,monitor; injection; csi; raw-iq; spectral-scan; arbitrary-waveform; open-firmware,Xilinx Zynq-7020 (ARM Cortex-A9 + 7-series FPGA) baseband in Verilog + Linux mac80211 driver,open,Xilinx Vivado (WebPACK); Verilog source (openwifi-hw); Linux mac80211 / sdr.ko,openwifi (driver/software); openwifi-hw (FPGA),MicroPhase ANTSDR (Zynq-7020 + AD9361/AD9363); host Linux PC,verified,https://github.com/open-sdr/openwifi; https://github.com/open-sdr/openwifi-hw,"PlutoSDR-form-factor, low-cost openwifi target: MicroPhase ANTSDR family (E310v2, E200) = Zynq-7020 + AD9361/AD9363. openwifi provides prebuilt images; the closest 'Pluto-adjacent' way to run the full open 802.11 stack (the ADALM-Pluto's own Zynq-7010 is too small for the full PL)."
morsemicro-mm6108,Morse Micro,Wi-Fi HaLow (802.11ah),MM6108; MM8108; MM6108-MF08651-US,MM6108; MM8108; MM6108-MF08651-US,802.11ah,sub-GHz,1,monitor; injection,Morse Micro proprietary radio+PHY+MAC SoC,closed,,Morse Micro chips (open mac80211 morse driver),MM6108-EKH01; MM6108-EKH05; MM6108-EKH08; Raspberry Pi HaLow HAT,verified,https://www.morsemicro.com/chips/; https://www.mouser.com/en/new/morse-micro/morse-micro-mm6108-mf08651-us-module/,"Sub-1 GHz OFDM Wi-Fi (802.11ah), 1/2/4/8 MHz channels. Open mac80211 morse driver (upstreaming) enables monitor + injection at sub-GHz where wall penetration favors sensing. Firmware is a closed blob; no CSI toolchain yet but HaLow CSI is an active research direction."
morsemicro-mm8108,Morse Micro,Wi-Fi HaLow (IEEE 802.11ah),MM8108; MM8108-MF15457,MM8108; MM8108-MF15457; MM8108-RD09,IEEE 802.11ah; Wi-Fi HaLow,sub-GHz,1,monitor; injection,,closed,GPL-2.0 mac80211 host driver (Morse Micro GitHub); OpenWrt SDK; hostap fork,Morse Micro Linux driver & firmware (GitHub),Gateworks GW16167 M.2; MM8108-EKH19 eval kit; MM8108-RD09 USB dongle reference design,verified,https://www.morsemicro.com/resources/datasheets/modules/MM8108-MF15457_Data_Sheet.pdf; https://www.morsemicro.com/2025/01/08/morse-micro-introduces-the-smallest-fastest-lowest-power-and-farthest-reaching-wi-fi-chip-in-the-world/; https://www.cnx-software.com/2025/01/14/morse-micro-mm8108-wifi-halow-soc-supports-up-to-43-33-mbps-transfer-rate-improves-range-and-power-efficiency/,"Second-gen Morse Micro HaLow SoC (CES 2025). World-first sub-GHz 256-QAM at 8 MHz, up to 43.33 Mbps; 5x5mm BGA; adds USB 2.0 host + MIPI RFFE alongside SDIO/SPI; integrated PA/LNA; 850-950 MHz. Host driver is open GPL mac80211 (monitor+injection reachable); radio PHY/MAC firmware is a closed binary blob with board-config (BCF) files and no public RE toolchain. No public CSI/spectral export."
netgear-nighthawk-x10,Netgear,802.11ad WiGig router (QCA9500),R9000; QCA9500,Nighthawk X10; R9000,IEEE 802.11ad; IEEE 802.11ac,2.4GHz; 5GHz; 60GHz,2,monitor; injection; radar; open-firmware,Synopsys ARC (ARCompact) WiGig firmware; ARM host SoC,partially-documented,nexmon-arc; wil6210 driver; Ghidra (ARC),nexmon-arc; wil6210 (experimentation fork),Netgear Nighthawk X10 R9000 router,reported,https://genesys-lab.org/papers/Going_beyond_RF.pdf; https://arxiv.org/pdf/2306.17062; https://github.com/seemoo-lab/nexmon-arc,"QCA9500 (VIVE) single-stream 60 GHz radio on a beefier ARM host SoC. Same wil6210/ARC firmware internals as the Talon, but without an equally mature open LEDE/OpenWrt image exposing the WiGig debugfs, so firmware patching is less turnkey than the Talon. Used in localization/gesture/'beyond-RF' beamforming sensing papers. Tier 2 by the same beam-SNR argument as the Talon; status 'reported' because the patched-firmware sensing path is less broadly reproduced on this box than on the AD7200."
newracom-nrc7292,Newracom,Wi-Fi HaLow (IEEE 802.11ah),NRC7292,NRC7292,IEEE 802.11ah; Wi-Fi HaLow,sub-GHz,1,monitor; injection,ARM Cortex-M3,closed,nrc7292_sw_pkg GPL-2.0 mac80211 driver; droidifi/newracom-s1g native S1G stack; nrc7292-analysis reverse-engineering notes,newracom/nrc7292_sw_pkg; droidifi/newracom-s1g; nrc7292-analysis,ALFA AHPI7292S RPi HAT; Silex SX-NEWAH module; Gateworks GW16146 mini-PCIe; Raspberry Pi 3/4 host,verified,https://github.com/newracom/nrc7292_sw_pkg; https://oyongjoo.github.io/nrc7292-analysis/2025/06/17/nrc7292-architecture-overview/; https://newracom.com/products/nrc7292,"First commercial 802.11ah HaLow SoC. ARM Cortex-M3, 752KB SRAM, no on-chip flash; host mode (CSPI/SDIO/UART/USB) or standalone. Unusually open host stack: GPL-2.0 mac80211 driver (nrc7292_sw_pkg) with explicit sniffer/monitor mode + radiotap, so tier-1 monitor+injection is verified today. Requires patched kernel/hostap/wireless-regdb for S1G channelization (not mainlined). PHY/MAC firmware (uni_s1g.bin) is a closed blob; no public CSI or firmware RE path. Already referenced as morsemicro-mm6108's counterpart; net-new full record here."
newracom-nrc7394,Newracom,Wi-Fi HaLow (IEEE 802.11ah),NRC7394; NRC7393,NRC7394; NRC7393,IEEE 802.11ah; Wi-Fi HaLow,sub-GHz,1,monitor; injection,ARM Cortex-M3,closed,nrc7292_sw_pkg GPL-2.0 driver (supports 7292/7393/7394 variants),newracom/nrc7292_sw_pkg,6x6mm 48-QFN; Raspberry Pi host; Newracom NRC7394 EVK,verified,https://newracom.com/hubfs/Resources%20Documents/Product%20Brief%20(NRC7394)(NEWRACOM).pdf; https://www.cnx-software.com/2023/06/29/newracom-nrc7394-wifi-halow-soc-delivers-higher-power-efficiency-and-cost-effectiveness/; https://newracom.com/blog/introducing-the-nrc7394-newracoms-solution-for-lower-power-and-cost-effective-wi-fi-halow,"Cost/power-optimized second-gen Newracom HaLow SoC (2023). Baseband (MAC+PHY) + sub-1GHz transceiver + ADC/DAC + integrated PA (up to +17 dBm) in 6x6mm 48-QFN; 1/2/4 MHz channels, 750-950 MHz; ARM Cortex-M3 standalone-capable. Same GPL-2.0 nrc7292_sw_pkg driver family covers 7292/7393/7394, so tier-1 monitor+injection carries over. Firmware closed; no CSI/spectral export."
nordic-nrf24l01p,Nordic Semiconductor,nRF24 (Enhanced ShockBurst),nRF24L01+; nRF24LU1+; nRF24LE1,nRF24L01+; nRF24L01P; nRF24LU1+; Crazyradio PA,Nordic Enhanced ShockBurst (proprietary GFSK),2.4GHz,1,monitor; injection; covert-channel,fixed-function 2.4 GHz GFSK transceiver (no MCU); nRF24LU1+ adds an 8051,documented,,Goodspeed: Promiscuity is the nRF24L01+'s Duty; Bastille MouseJack / nrf-research-firmware,generic nRF24L01+ SPI modules; Crazyradio PA (nRF24LU1+ USB),verified,http://travisgoodspeed.blogspot.com/2011/02/promiscuity-is-nrf24l01s-duty.html; https://github.com/BastilleResearch/mousejack,"Travis Goodspeed's pseudo-promiscuous trick (2-byte address, no CRC, preamble-as-MAC) turns this stock transceiver into a sniffer for compatible 2.4 GHz ShockBurst traffic. Underpins Bastille's MouseJack running nrf-research-firmware on the Crazyradio PA. Documented PHY, no firmware to reverse."
nordic-nrf52,Nordic Semiconductor,nRF5x RADIO peripheral,nRF51822; nRF52832; nRF52833; nRF52840; nRF5340; nRF54L15; nRF54H20,nRF51822; nRF52832; nRF52840; nRF5340; nRF54L15; nRF54H20,Bluetooth LE; 802.15.4; ANT; proprietary GFSK,2.4GHz,1,monitor; injection; covert-channel; open-firmware,ARM Cortex-M0 (nRF51) / Cortex-M4F (nRF52) / Cortex-M33 (nRF53/nRF54),documented,ghidra,"Nordic radio_test / radiotest sample; Sniffle (BLE5 sniffer, nRF52840); nRF Sniffer for 802.15.4",nRF52840 Dongle; nRF52840 DK; Adafruit Feather nRF52; BBC micro:bit (nRF51822/nRF52833),verified,https://docs.nordicsemi.com/bundle/ncs-latest/page/nrf/samples/peripheral/radio_test/README.html; https://github.com/nccgroup/Sniffle; https://github.com/NordicSemiconductor/nRF-Sniffer-for-802.15.4,"Nordic fully documents the RADIO peripheral at register level (openness=documented, not closed), so bare-metal code and the official radio_test sample configure BLE 1M/2M/Coded, 802.15.4, or proprietary GFSK, plus carrier/tone TX and promiscuous RX. Platform under Sniffle, nRF Sniffer, and a large tool ecosystem. Tier 1 with enough raw-RADIO control to shape arbitrary GFSK packets."
nuand-bladerf-2micro,Nuand,bladeRF 2.0 micro xA4 / xA9,bladeRF 2.0 micro xA4; bladeRF 2.0 micro xA9; AD9361; Cyclone V,,,sub-GHz; 2.4GHz; 5GHz,5,raw-iq; arbitrary-waveform; passive-radar,AD9361 transceiver + Cyclone V FPGA (49k/301k LE) + ARM Cortex-M4,open,bladeRF-cli; libbladeRF; GNU Radio,,,verified,https://www.nuand.com/bladerf-2-0-micro/; https://www.nuand.com/product/bladerf-xa9/,"47MHz-6GHz, up to 56MHz BW, 12-bit, 2x2 MIMO full-duplex, USB 3.0. xA4/xA9 differ only in FPGA size (on-board user DSP/PHY)."
qorvo-dw1000,Qorvo,DW1000/DW3000 UWB,DW1000; DW3110; DW3220; DWM1000; DWM1001,DW1000; DW3000; DW3110; DW3220; DWM1000; DWM1001,802.15.4a; 802.15.4z,UWB,2,csi; radar; passive-radar,fixed-function UWB transceiver with SPI-readable CIR accumulator (no MCU),documented,,UWB CIR for device-free localization (MDPI Sensors); Qorvo DW1000,DWM1000 / DWM1001 modules; DW3110/DW3220; MDEK1001 kit,verified,https://www.mdpi.com/1424-8220/22/16/6255; https://www.qorvo.com/products/p/DW1000,"Ultra-wideband (~500 MHz channels, 3.5-6.5 GHz). The CIR accumulator exposes the full complex channel impulse response, up to 1016 taps of 16-bit I + 16-bit Q at ~1 ns spacing, directly over SPI: a UWB analog of CSI with amplitude and phase. Basis for a large body of device-free localization, occupancy, and radar-style sensing research. Tier 2 reaching toward tier 3. Fully documented, no firmware to reverse."
qualcomm-qca6174,Qualcomm,ath10k (mobile 11ac),QCA6174; QCA6174A,QCA6174; QCA6174A; Killer 1435 (variant),802.11a; 802.11n; 802.11ac; Bluetooth,2.4GHz; 5GHz,1,monitor,"on-chip Tensilica/ARM, closed firmware blob (ath10k/pci or snoc)",closed,ghidra,ath10k driver,QCA6174 2x2 M.2/mini-PCIe laptop cards; Killer Wireless-AC 1435,verified,https://wireless.wiki.kernel.org/en/users/drivers/ath10k; https://wikidevi.wi-cat.ru/Qualcomm_Atheros_QCA6174,Ubiquitous laptop Wi-Fi. The WCN3990 is the closely related integrated-in-SoC phone variant.
qualcomm-qca6390,Qualcomm,ath11k (11ax),QCA6390; WCN6855; WCN6856,QCA6390; WCN6855; WCN6856; WCN685x; FastConnect 6800/6900,802.11a; 802.11n; 802.11ac; 802.11ax; Bluetooth 5.2,2.4GHz; 5GHz; 6GHz,1,monitor; spectral-scan,"on-chip Tensilica/ARM, closed firmware blob loaded by ath11k",closed,ghidra,ath11k driver,QCA6390 M.2 laptop cards; WCN6855 (Wi-Fi 6E laptops); WCN6856 desktop/AP modules,reported,https://wireless.wiki.kernel.org/en/users/drivers/ath11k; https://wikidevi.wi-cat.ru/Ath11k,WCN685x = FastConnect 6800/6900 (6E). QCA6390 firmware < a certain version had host-memory-below-32MB bugs. spectral-scan flag is aspirational for these parts.
qualcomm-qca6490,Qualcomm,ath11k / mobile (11ax 6E),QCA6490,QCA6490; QCA6491; FastConnect 6700,802.11ax; 802.11ac; Bluetooth 5.1,2.4GHz; 5GHz; 6GHz,1,monitor,"integrated mobile combo, closed firmware",closed,ghidra,ath11k / Qualcomm mobile,Snapdragon flagship phones (Wi-Fi 6E); integrated QCA6490 combo,theoretical,https://www.qualcomm.com/products/technology/wi-fi/fastconnect; https://wireless.wiki.kernel.org/en/users/drivers/ath11k,Included to mark the current mobile frontier for the next cycle. See ../docs/firmware-reversing.md.
qualcomm-qca9500,Qualcomm,WiGig 60 GHz (802.11ad),QCA9500; QCA6320; QCA6310,QCA9500; QCA6320; QCA6310; Wilocity; Sparrow,802.11ad,60GHz,3,monitor; csi; spectral-scan; arbitrary-waveform; radar; open-firmware,ARC (Argonaut RISC Core) microcode,patchable,nexmon; ghidra,SEEMOO Talon Tools (nexmon-arc); lede-ad7200; Channel estimation & custom beamforming on Talon AD7200,TP-Link Talon AD7200; Netgear Nighthawk X10 R9000; Acer/Dell Wilocity laptops & docks,verified,https://github.com/seemoo-lab/talon-tools; https://seemoo-lab.github.io/talon-tools/; https://github.com/seemoo-lab/lede-ad7200; https://dl.acm.org/doi/10.1145/3267204.3268070,"60 GHz single-stream over a 32-element phased array with analog beamforming. SEEMOO's nexmon-arc ports Nexmon to the chip's ARC microcode (on ported LEDE), enabling per-sector channel estimation (CSI) and authoring of arbitrary custom beam patterns loaded into the array: tier 2 telemetry shading into tier 3/4 programmable spatial front-end. Substrate for commodity 60 GHz mmWave sensing/imaging research."
qualcomm-qcn9274,Qualcomm,QCN Wi-Fi 7 AP,QCN9274; QCN6274,QCN9274; QCN6274,802.11be; 802.11ax,2.4GHz; 5GHz; 6GHz,1,monitor,Qualcomm closed firmware + board-2.bin (ath12k),closed,ath12k debugfs,ath12k,M.2 E-key AP radio modules (e.g. Wallys DR9274); enterprise AP reference designs,reported,https://cateee.net/lkddb/web-lkddb/ATH12K.html; https://www.zukaka.com/blog/cn6274-qcn9274-wifi-7-chipset-overview-full-technical-breakdown/,"AP-class 11be radios: QCN9274 is 4x4 MU-MIMO tri-band, QCN6274 a power-optimized fewer-stream variant, both 320 MHz. Same ath12k stack as WCN7850. ath11k on prior-gen QCN parts exposed a spectral-scan (FFT) debugfs; that capability is not yet present in ath12k, so spectral/raw-PHY is unreachable today. No CSI or injection tooling."
qualcomm-wcn3990,Qualcomm,"ath10k (mobile SoC, snoc)",WCN3990; WCN3998,WCN3990; WCN3998,802.11a; 802.11n; 802.11ac; Bluetooth 5,2.4GHz; 5GHz,1,monitor,"integrated mobile radio, closed firmware (ath10k snoc/WCN)",closed,ghidra,ath10k (snoc/WCN),Snapdragon 660/845-era phones; integrated WCN3990 Wi-Fi/BT,reported,https://wireless.wiki.kernel.org/en/users/drivers/ath10k,The QCA6174-class radio integrated into Snapdragon platforms. Catalogued to mark the mobile frontier.
qualcomm-wcn7850,Qualcomm,FastConnect 7800,WCN7850; WCN7851; QCNCM865,WCN7850; WCN7851; FastConnect 7800; QCNCM865,802.11be; 802.11ax; 802.11ac,2.4GHz; 5GHz; 6GHz,1,monitor,Qualcomm closed firmware + board-2.bin (ath12k/WCN7850),closed,ath12k debugfs; Wireshark/radiotap,ath12k (Linux ≥6.3); ath12k WCN7850 monitor mode,M.2 2230 client cards (PCI 17cb:1107); Framework/AMD laptop Wi-Fi cards,reported,https://www.phoronix.com/news/Qualcomm-Ath12k-Linux-6.3; https://wireless.docs.kernel.org/en/latest/en/users/drivers/ath12k.html; https://lwn.net/Articles/1018318/; https://www.qualcomm.com/wi-fi/products/fastconnect/fastconnect-7800,"2x2 tri-band 11be client, 320 MHz, 4K-QAM, MLO. Driven by upstream ath12k (forked from ath11k) over PCIe; needs Qualcomm firmware + board-2.bin. Monitor mode was absent for ~2 years and merged through 2025 (adds RX monitor SRNG rings + IRQ config). No public injection, no CSI tool, and the ath11k spectral-scan FFT interface has NOT been forwarded to ath12k. Firmware closed; no Nexmon-equivalent."
qualcomm-qca6320,Qualcomm (Atheros / Wilocity),WiGig 802.11ad (Sparrow),QCA6320; QCA6310; QCA6335,Sparrow; QCA6320+QCA6310; QCA6335,IEEE 802.11ad,60GHz,2,monitor; injection; radar; open-firmware,Synopsys ARC (ARCompact),patchable,nexmon-arc; Ghidra (ARC processor module); IDA Pro,talon-tools; nexmon-arc; lede-ad7200,TP-Link Talon AD7200; Acer/Dell WiGig laptops (QCA6320); Silex SX-PCEAD module,verified,https://github.com/seemoo-lab/nexmon-arc; https://github.com/seemoo-lab/talon-tools; https://wireless.wiki.kernel.org/en/users/drivers/wil6210; https://www.qualcomm.com/products/technology/wi-fi/qca6335; https://wikidevi.wi-cat.ru/Wilocity,"Wilocity 'Sparrow' 60 GHz 802.11ad chipset: QCA6320 MAC/baseband + QCA6310 RF, driven by the mainline wil6210 driver with FullMAC firmware on ARC cores. SEEMOO's nexmon-arc patches wil6210 fw v4.1.0.55 / v5.2.0.18 to expose a 'sweep_dump' debugfs table of per-sector-sweep signal strength (beam-SNR). Beam-SNR is magnitude-only beam-space power, not per-subcarrier CSI, so we flag 'radar'/monitor/injection but deliberately NOT 'csi'. Tier 2: exports a spatial channel-state measurement usable as an angle-resolved pseudo-radar."
atheros-ar5416,Qualcomm Atheros,ath9k (AR5008),AR5416; AR5133; AR5418,AR5008; AR5416/AR5133; Xspan,802.11a; 802.11b; 802.11g; 802.11n (draft),2.4GHz; 5GHz,1,monitor; injection,"none — SoftMAC, MAC/PHY driven by host ath9k driver",open,ath9k (open GPL driver),ath9k driver (mainline),Ubiquiti SR71; early mini-PCIe 11n cards; Netgear/D-Link 11n-draft routers,verified,https://wireless.docs.kernel.org/en/latest/en/users/drivers/ath9k.html; https://wikidevi.wi-cat.ru/Atheros_AR5416,AR5416 + AR5133 radio = the AR5008 chipset. The ath5k driver handles the earlier 11a/b/g AR52xx/AR54xx parts (also Tier 1). No on-chip firmware to reverse.
atheros-ar9271,Qualcomm Atheros,ath9k_htc,AR9271; AR7010,AR9271; Magpie; AR7010 (K2 bridge),802.11b; 802.11g; 802.11n,2.4GHz,5,monitor; injection; spectral-scan; open-firmware; arbitrary-waveform; covert-channel,"Tensilica Xtensa (Magpie / K2 platforms), eCos RTOS",open,open-ath9k-htc-firmware; xtensa-gcc toolchain; ghidra; modwifi-ath9k-htc,qca/open-ath9k-htc-firmware; modwifi-ath9k-htc (Vanhoef),TP-Link TL-WN722N v1; Alfa AWUS036NHA; Alfa AWUS036NH; generic Atheros AR9271 USB dongles,verified,https://github.com/qca/open-ath9k-htc-firmware; https://github.com/vanhoefm/modwifi-ath9k-htc/wiki/Spectral-Scan; https://github.com/torvalds/linux/commit/3f2aa13f6d16a53a4cf5de369c685c6f75fe4d58; https://wireless.docs.kernel.org/en/latest/en/users/drivers/ath9k/spectral_scan.html,"AR9271 is a single-chip USB 1x1 2.4GHz 11n SoC (Magpie). AR7010 is a USB/PCIe bridge (K2) that fronts an AR9280 or AR9287 radio. v2/v3 of the TL-WN722N use RTL8188EUS and are NOT this chip. Arbitrary-waveform is firmware-patch level (reported via modwifi), not a stock front-end IQ path."
atheros-ar9280,Qualcomm Atheros,ath9k (AR9002),AR9280; AR9220,AR9280; Merlin,802.11a; 802.11b; 802.11g; 802.11n,2.4GHz; 5GHz,3,monitor; injection; csi; spectral-scan,"none — SoftMAC, driven by host ath9k driver",open,ath9k; Atheros-CSI-Tool,Atheros-CSI-Tool; ath9k spectral scan,mini-PCIe AR9280 laptop cards; Ubiquiti SR71-E; AR7010+AR9280 USB reference,verified,https://github.com/xieyaxiongfly/Atheros-CSI-Tool; https://www.bastibl.net/ath9k-spectrum-scanning/,Also used as the radio behind the AR7010 USB bridge in ath9k_htc dongles.
atheros-ar9285,Qualcomm Atheros,ath9k (AR9002),AR9285,AR9285; Kite,802.11b; 802.11g; 802.11n,2.4GHz,3,monitor; injection; csi; spectral-scan,"none — SoftMAC, driven by host ath9k driver",open,ath9k; Atheros-CSI-Tool,Atheros-CSI-Tool,mini-PCIe AR9285 (very common in 2010-era netbooks/laptops),verified,https://github.com/xieyaxiongfly/Atheros-CSI-Tool; https://wireless.docs.kernel.org/en/latest/en/users/drivers/ath9k/spectral_scan.html,"Single spatial stream limits CSI to one RX chain, but amplitude+phase per subcarrier is still exposed."
atheros-ar9287,Qualcomm Atheros,ath9k (AR9002),AR9287,AR9287; Kiwi,802.11b; 802.11g; 802.11n,2.4GHz,3,monitor; injection; csi; spectral-scan,"none — SoftMAC, driven by host ath9k driver",open,ath9k; Atheros-CSI-Tool,Atheros-CSI-Tool,mini-PCIe AR9287 2x2 cards; AR7010+AR9287 USB reference dongles,verified,https://github.com/xieyaxiongfly/Atheros-CSI-Tool; https://wireless.docs.kernel.org/en/latest/en/users/drivers/ath9k/spectral_scan.html,The 2.4GHz-only sibling of AR9280.
atheros-ar9300-csi,Qualcomm Atheros,AR93xx / QCA955x (ath9k),AR9580; AR9590; AR9344; QCA9558; AR9462; AR9485,Atheros CSI Tool; ath9k CSI,802.11a; 802.11g; 802.11n,2.4GHz; 5GHz,3,monitor; injection; csi; spectral-scan,"ath9k SoftMAC (PHY logic in open driver, no separate blob)",open,ath9k-driver-patch; b43-tools,Atheros CSI Tool (Xie); Atheros CSI Tool OpenWRT; PicoScenes (QCA9300),AR9580 mini-PCIe; TP-Link/Compex ath9k cards; OpenWRT routers,verified,https://github.com/xieyaxiongfly/Atheros-CSI-Tool; https://github.com/xieyaxiongfly/Atheros_CSI_tool_OpenWRT_src; https://wireless.docs.kernel.org/en/latest/en/users/drivers/ath9k/spectral_scan.html,"Full-precision CSI on the open ath9k stack; runs on PCs, embedded boards, and OpenWRT routers. See ../chips/qualcomm-atheros.md."
atheros-ar9344,Qualcomm Atheros,AR93xx SoC,AR9344,AR9344,802.11n,2.4GHz; 5GHz,2,monitor; injection; csi; spectral-scan,MIPS 74Kc SoC (host CPU) + ath9k PHY,documented,OpenWRT; Atheros_CSI_tool_OpenWRT_src; ath9k source,Atheros CSI Tool OpenWRT,OpenWRT 802.11n routers (2x2 dual-band),verified,https://github.com/xieyaxiongfly/Atheros_CSI_tool_OpenWRT_src/wiki; https://github.com/xieyaxiongfly/Atheros-CSI-Tool,2x2 802.11n router SoC validated by the Atheros-CSI-Tool authors via the OpenWRT build path; yields per-packet CSI (Tier 2) and mainline ath9k spectral scan (Tier 3). Runs the modified ath9k on-device under OpenWRT — attractive for standalone/battery CSI sensing nodes rather than a host PC.
atheros-ar9380,Qualcomm Atheros,ath9k (AR9003 / QCA9300),AR9380; AR9382; AR9390,AR9380; AR9382; AR9390; QCA9300; Osprey,802.11a; 802.11b; 802.11g; 802.11n,2.4GHz; 5GHz,3,monitor; injection; csi; spectral-scan; raw-iq,"none — SoftMAC (ar9003 baseband), driven by host ath9k driver",open,ath9k; Atheros-CSI-Tool; PicoScenes,PicoScenes (QCA9300 support); Atheros-CSI-Tool; ath9k spectral scan,AR9380 3x3 mini-PCIe/PCIe cards; AR9382 2x2 laptop cards; PicoScenes-recommended QCA9300 NICs,verified,https://picoscenes.readthedocs.io/; https://arxiv.org/abs/2010.10233; https://github.com/xieyaxiongfly/Atheros-CSI-Tool,"AR9380 = 3x3, AR9382 = 2x2, AR9390 = integrated variant. Marketed as QCA9300 post-acquisition. raw-iq is PicoScenes-reported flexibility, not a stock ath9k feature."
atheros-ar9462,Qualcomm Atheros,ath9k (AR9003),AR9462; AR5B22,AR9462; Wasp; QCWB335 (module),802.11a; 802.11b; 802.11g; 802.11n; Bluetooth 4.0,2.4GHz; 5GHz,3,monitor; injection; csi; spectral-scan,none — SoftMAC (ar9003 baseband); BT coex block separate,open,ath9k; Atheros-CSI-Tool,Atheros-CSI-Tool,AR5B22 half-mini-PCIe combo cards (2012-2014 laptops); Qualcomm QCWB335,verified,https://github.com/xieyaxiongfly/Atheros-CSI-Tool; https://wireless.docs.kernel.org/en/latest/en/users/drivers/ath9k/spectral_scan.html,Extremely common OEM laptop card (AR5B22). BT combo does not affect the Wi-Fi PHY telemetry paths.
atheros-ar9485,Qualcomm Atheros,ath9k (AR9003),AR9485; AR5B125,AR9485; Poseidon; QCA9485,802.11b; 802.11g; 802.11n,2.4GHz,3,monitor; injection; csi; spectral-scan,"none — SoftMAC (ar9003 baseband), driven by host ath9k driver",open,ath9k; Atheros-CSI-Tool,Atheros-CSI-Tool,AR5B125 half-mini-PCIe (low-cost 2012-era laptops),verified,https://github.com/xieyaxiongfly/Atheros-CSI-Tool; https://wireless.docs.kernel.org/en/latest/en/users/drivers/ath9k/spectral_scan.html,Cheapest entry into the AR9003 CSI/spectral capability.
atheros-ar9580,Qualcomm Atheros,ath9k (AR9003),AR9580,AR9580; QCA9580; Peacock,802.11a; 802.11b; 802.11g; 802.11n,2.4GHz; 5GHz,3,monitor; injection; csi; spectral-scan,"none — SoftMAC (ar9003 baseband), driven by host ath9k driver",open,ath9k; Atheros-CSI-Tool; PicoScenes,Atheros-CSI-Tool (tested target),AR9580 3x3 PCIe desktop/router cards; Compex WLE350NX,verified,https://github.com/xieyaxiongfly/Atheros-CSI-Tool; https://picoscenes.readthedocs.io/,"Atheros-CSI-Tool was validated on AR9580, AR9590, AR9344, QCA9558. Three RX chains give the richest CSI in the 11n line."
atheros-ar9590,Qualcomm Atheros,AR93xx,AR9590,AR9590,802.11n,2.4GHz; 5GHz,3,monitor; injection; csi; spectral-scan,none (host-driven MAC/PHY via ath9k),documented,ath9k source; Atheros-CSI-Tool; fft_eval; speccy,Atheros-CSI-Tool,3x3 PCIe reference/OEM cards,verified,https://github.com/xieyaxiongfly/Atheros-CSI-Tool; https://wireless.docs.kernel.org/en/latest/en/users/drivers/ath9k/spectral_scan.html,"3x3 802.11n PCIe PHY explicitly validated by the Atheros-CSI-Tool authors for per-packet CSI extraction; also exposes the mainline ath9k spectral-scan debugfs interface (Tier 3, 56/128-bin FFT). No firmware patch needed — the driver drives the PHY directly. Sibling to AR9380/AR9580."
qualcomm-qca9558,Qualcomm Atheros,AR9x SoC,QCA9558,QCA9558; AR9558,802.11n,2.4GHz,2,monitor; injection; csi; spectral-scan,MIPS 74Kc SoC (host CPU) + ath9k PHY,documented,OpenWRT; Atheros_CSI_tool_OpenWRT_src; ath9k source,Atheros CSI Tool OpenWRT,OpenWRT 3x3 802.11n routers (e.g. TL-WDR class),verified,https://github.com/xieyaxiongfly/Atheros-CSI-Tool; https://github.com/xieyaxiongfly/Atheros_CSI_tool_OpenWRT_src/wiki,3x3 802.11n SoC explicitly validated by the Atheros-CSI-Tool authors (OpenWRT path); delivers 3x3 per-packet CSI (Tier 2) and ath9k spectral scan (Tier 3) with no firmware patch. On-device modified ath9k makes it a self-contained CSI sensing router.
qualcomm-qca9880,Qualcomm Atheros,ath10k (11ac wave-1),QCA9880; QCA9882; QCA9884,QCA9880; QCA9882; QCA9884; Peregrine,802.11a; 802.11n; 802.11ac,2.4GHz; 5GHz,3,monitor; injection; spectral-scan,"Tensilica Xtensa (on-chip), closed firmware blob loaded by ath10k",closed,ghidra; ath10k-ct (patched binary firmware),ath10k spectral scan; ath10k-ct (Candela),Compex WLE900VX (3x3); Compex WLE600VX (2x2); TP-Link/Netgear 11ac AP radios,verified,https://wireless.docs.kernel.org/en/latest/en/users/drivers/ath10k/spectral.html; https://github.com/greearb/ath10k-ct,"Moving to 11ac introduced a closed on-chip firmware (unlike SoftMAC ath9k). ath10k-ct is a patched binary firmware, not open source. CSI is not turnkey on ath10k."
qualcomm-qca9984,Qualcomm Atheros,ath10k (11ac wave-2),QCA9980; QCA9984; QCA9888,QCA9984; QCA9980; QCA9888; Cascade,"802.11a; 802.11n; 802.11ac (wave-2, MU-MIMO)",2.4GHz; 5GHz,3,monitor; injection; spectral-scan,"Tensilica Xtensa (on-chip), closed firmware blob loaded by ath10k",closed,ghidra; ath10k-ct,ath10k spectral scan; QCA9984/QCA9888 spectral header fix,Compex WLE1216 (4x4 QCA9984); Compex WLE900V5; QCA9888 2x2 AP radios,verified,https://wireless.docs.kernel.org/en/latest/en/users/drivers/ath10k/spectral.html; https://patchwork.kernel.org/patch/10435031/,80+80/160 MHz support means wider FFT captures. QCA9888 is the 2x2 sibling.
quantenna-qsr10g,Quantenna,QSR (Topaz/Ruby),QSR10G; QSR1000,QSR10G; QSR1000; Topaz; Ruby,802.11n; 802.11ac,2.4GHz; 5GHz,2,monitor; csi,embedded Linux on quad ARC core cluster,partially-documented,ghidra,Quantenna Communications overview,high-end 4x4/8x8 802.11ac routers; Wi-Fi mesh nodes,reported,https://en.wikipedia.org/wiki/Quantenna_Communications,"Runs embedded Linux internally on ARC cores; Quantenna publicly marketed Wi-Fi Sensing/CSI on these parts, making a documented CSI path plausible (tier 2 reported). No packaged community toolchain."
ralink-rt5572,Ralink (MediaTek),RT5572,RT5572,RT5572; MediaTek RT5572; Panda PAU09; Panda PAU07,802.11n,2.4GHz; 5GHz,1,monitor; injection,Ralink/MediaTek hardware MAC + closed ucode blob,closed,,rt2800usb / rt2x00 (mainline kernel); aircrack-ng,Panda Wireless PAU09 (N600 dual-band); Panda Wireless PAU07; various dual-band 802.11n USB dongles,verified,https://deviwiki.com/wiki/Panda_Wireless_PAU09; https://wireless.wiki.kernel.org/en/users/drivers/rt2800usb; https://github.com/morrownr/USB-WiFi,"Dual-band (2.4/5 GHz) 2x2 802.11n USB part, the dual-band sibling of the RT5370/RT5372. Supported in-kernel by rt2800usb/rt2x00, giving clean monitor mode + frame injection with no out-of-tree DKMS build - the cheapest no-hassle dual-band injector. Stalls at tier 1: no public CSI or spectral path on Ralink/MediaTek legacy USB silicon. Cataloged because the Panda PAU09 is a very common recommendation and is a distinct chip from the 2.4-only PAU05/PAU06 (RT5372)."
realtek-rtl8187l,Realtek,RTL8187,RTL8187L; RTL8187B,RTL8187; RTL8187L; Alfa AWUS036H,802.11b; 802.11g,2.4GHz,1,monitor; injection,Thin on-chip MAC ucode (near soft-MAC to host),closed,ghidra; ida,in-kernel rtl8187 (mac80211),Alfa AWUS036H; various USB dongles,verified,https://www.aircrack-ng.org/doku.php?id=r8187,"Original BackTrack-era injection card. Mainline mac80211 driver = monitor+injection out of the box. 2.4GHz only, high TX power. Tier 1."
realtek-rtl8188eus,Realtek,RTL8188E,RTL8188EU; RTL8188EUS; RTL8188CUS,RTL8188EU; RTL8188EUS; RTL8188CUS; TL-WN722N v2/v3,802.11n,2.4GHz,1,monitor; injection,8051-class MCU + HW MAC/baseband,closed,ghidra; ida,aircrack-ng/rtl8188eus,Alfa AWUS036NEH; TP-Link TL-WN722N v2/v3; cheap nano USB dongles,verified,https://github.com/aircrack-ng/rtl8188eus,Cheap ubiquitous 2.4GHz n monitor/injection default. aircrack-ng/rtl8188eus is the reference DKMS driver. TL-WN722N v2/v3 use this (v1 was Atheros).
realtek-rtl8188fu,Realtek,RTL8188F,RTL8188FU; RTL8188FTV,RTL8188FU; RTL8188FTV,802.11n,2.4GHz,1,monitor; injection,8051-class MCU + HW MAC/baseband,closed,ghidra; ida,rtl8188fu (out-of-tree),cheap 2.4GHz nano USB dongles,reported,https://github.com/kelebek333/rtl8188fu,"Later cheap 2.4GHz n part; monitor via out-of-tree forks, injection partial/flaky vs 8188EUS."
realtek-rtl8192cu,Realtek,RTL8192C,RTL8192CU; RTL8192EU,RTL8192CU; RTL8192EU,802.11n,2.4GHz,1,monitor; injection,8051-class MCU + HW MAC/baseband,closed,ghidra; ida,"rtl8xxxu (in-kernel, reverse-engineered)",many OEM 2.4GHz USB dongles,verified,https://github.com/torvalds/linux/tree/master/drivers/net/wireless/realtek/rtl8xxxu,Very common 2.4GHz 802.11n dongle. Monitor works; injection quality depends on rtl8192cu vs rtl8xxxu driver.
realtek-rtl8720dn,Realtek,Ameba D,RTL8720DN; RTL8721DM,RTL8720DN; BW16; Ameba D; RTL8721Dx,802.11b; 802.11g; 802.11n; BLE 5.0,2.4GHz; 5GHz,2,csi; monitor; open-firmware,"Arm Cortex-M4F (KM4, 200MHz) + Cortex-M0 (KM0, 20MHz), FreeRTOS SDK",documented,ghidra; ida; ameba-sdk,Realtek Ameba Wi-Fi CSI API; AmebaD SDK / Arduino core,BW16 module; Rtlduino RTL8720DN board; A1 Pico,verified,https://aiot.realmcu.com/en/latest/rtos/wifi/csi/index.html; https://www.amebaiot.com/en/amebad/; https://www.cnx-software.com/2021/01/10/rtlduino-rtl8720dn-dual-band-wifi-iot-board-features-2-4-5ghz-wireless-mcu/,"The SDR-interesting Realtek: dual-band Wi-Fi MCU with OFFICIAL Wi-Fi CSI API (per-subcarrier I/Q, amplitude+phase, active/passive modes). Open documented FreeRTOS SDK, Cortex-M4+M0. Cheap BW16 boards. Tier 2 / rung-2 CSI. Ameba CSI framework spans RTL8721Dx/8720E/8730E/8735C."
realtek-rtl8723,Realtek,RTL8723,RTL8723AU; RTL8723BU; RTL8723DU; RTL8723BS,RTL8723AU; RTL8723BU; RTL8723DU; RTL8723BS,802.11n; Bluetooth,2.4GHz,1,monitor; injection,8051-class MCU + HW MAC/baseband (+BT),closed,ghidra; ida,rtl8xxxu / rtl8723bs (in-kernel),SBC/laptop Wi-Fi+BT combo modules,reported,https://github.com/torvalds/linux/tree/master/drivers/net/wireless/realtek/rtl8xxxu,2.4GHz n + Bluetooth combo. Station mode solid; monitor possible but injection weak/driver-dependent. Catalogued for completeness.
realtek-rtl8811au,Realtek,RTL88xxAU,RTL8811AU,RTL8811AU; Alfa AWUS036AC,802.11ac,2.4GHz; 5GHz,1,monitor; injection,8051-class MCU + HW MAC/baseband,closed,ghidra; ida,aircrack-ng/rtl8812au,Alfa AWUS036AC,verified,https://github.com/aircrack-ng/rtl8812au,1x1 dual-band AC sibling of 8812AU; same unified aircrack-ng driver. Monitor+injection. Tier 1.
realtek-rtl8812au,Realtek,RTL88xxAU,RTL8812AU,RTL8812AU; Alfa AWUS036ACH; AC1200,802.11ac,2.4GHz; 5GHz,1,monitor; injection,8051-class MCU + HW MAC/baseband,closed,ghidra; ida,aircrack-ng/rtl8812au (astsam/morrownr lineage),Alfa AWUS036ACH; Alfa AC1200; many 2x2 AC dongles,verified,https://github.com/aircrack-ng/rtl8812au; https://github.com/morrownr/8812au-20210820,"THE standard dual-band 2x2 AC injection dongle. Alfa AWUS036ACH. aircrack-ng/rtl8812au is the reference driver. Tier 1, no CSI/spectral."
realtek-rtl8812bu,Realtek,RTL88x2BU,RTL8812BU; RTL8822BU,RTL8812BU; RTL8822BU,802.11ac,2.4GHz; 5GHz,1,monitor; injection,8051-class MCU + HW MAC/baseband,closed,ghidra; ida,morrownr/88x2bu-20210702; RinCat/RTL88x2BU-Linux-Driver,Alfa AWUS036ACU; Comfast/generic 2x2 AC dongles,reported,https://github.com/morrownr/88x2bu-20210702; https://github.com/RinCat/RTL88x2BU-Linux-Driver,'B' gen 2x2 AC (8822BU = +BT combo). Monitor solid; injection partial/less reliable than 8812AU — morrownr steers pentesters back to 8812AU/8821CU.
realtek-rtl8814au,Realtek,RTL88xxAU,RTL8814AU,RTL8814AU; Alfa AWUS1900; AWUS036ACHM,802.11ac,2.4GHz; 5GHz,1,monitor; injection,8051-class MCU + HW MAC/baseband,closed,ghidra; ida,"nicshaca/rtl8814au; aircrack-ng/rtl8812au (unified, 8814 build)",Alfa AWUS1900 (4x4),verified,https://github.com/nicshaca/rtl8814au; https://github.com/aircrack-ng/rtl8812au,4x4 MIMO flagship (Alfa AWUS1900). Highest antenna count of Realtek line but still Tier 1. Dedicated rtl8814au fork adds AP+jammer; some distro rtl88xxau packages dropped 8814 support.
realtek-rtl8821au,Realtek,RTL88xxAU,RTL8821AU,RTL8821AU,802.11ac,2.4GHz; 5GHz,1,monitor; injection,8051-class MCU + HW MAC/baseband,closed,ghidra; ida,aircrack-ng/rtl8812au,combo AC+BT dongles,verified,https://github.com/aircrack-ng/rtl8812au,1x1 AC (AU-series) covered by the unified aircrack-ng/rtl8812au driver. Monitor+injection. Tier 1.
realtek-rtl8821cu,Realtek,RTL88x1CU,RTL8811CU; RTL8821CU; RTL8821CUH; RTL8731AU,RTL8811CU; RTL8821CU; RTL8821CUH; RTL8731AU,802.11ac,2.4GHz; 5GHz,1,monitor; injection,8051-class MCU + HW MAC/baseband,closed,ghidra; ida,morrownr/8821cu-20210916,Alfa AWUS036ACS; USB-nano AC dongles,verified,https://github.com/morrownr/8821cu-20210916,Single-stream dual-band AC; morrownr's recommended cheap/small injection adapter. Clean monitor+injection. Tier 1.
rtlsdr-rtl2832u,Realtek,RTL2832U + R820T2/R828D,RTL2832U; R820T2; R828D; RTL2838U,RTL-SDR; RTL-SDR Blog V4; DVB-T dongle; RTL2832U; RTL2838U; DVB-T dongle SDR,DVB-T; DAB,sub-GHz; 2.4GHz,5,raw-iq; monitor; spectral-scan; passive-radar,Realtek DVB-T demodulator ASIC (fixed function),documented,osmocom rtl-sdr; librtlsdr,rtl-sdr (osmocom); RTL-SDR Blog,RTL-SDR Blog V3 (R820T2); RTL-SDR Blog V4 (R828D); NooElec NESDR SMArt/Nano/XTR; ezcap EzTV668; Terratec Cinergy T Stick; Generic DVB-T+DAB+FM USB dongle,verified,https://www.rtl-sdr.com/; https://osmocom.org/projects/rtl-sdr/wiki; https://osmocom.org/projects/rtl-sdr/wiki/rtl-sdr; https://www.rtl-sdr.com/about-rtl-sdr/; https://gnss-sdr.org/docs/tutorials/gnss-sdr-operation-realtek-rtl2832u-usb-dongle-dvb-t-receiver/; https://gitea.osmocom.org/sdr/rtl-sdr; https://www.oz9aec.net/radios/gnu-radio/rtl2832u-based-software-defined-radios,"RX-only 8-bit, ~0.5kHz-1.7GHz, ~2.4MHz BW. The genuine-SDR floor and the accidental-SDR archetype; see rtl-sdr-lineage.md. Listed tier 5 as reference datum only. Discovery: Eric Fry (2010) & Antti Palosaari (2012)."
sdrplay-rsp,SDRplay,RSP1A / RSPdx-R2,RSP1A; RSPdx-R2; RSPduo,,,sub-GHz; 2.4GHz,5,raw-iq; spectral-scan,Mirics tuner + FPGA/USB controller (closed),closed,SoapySDRPlay; closed API,,,verified,https://www.sdrplay.com/rsp1a/; https://www.sdrplay.com/rspdx/,"RX-only 14-bit, 1kHz-2GHz, up to 10MHz BW. Serious-listener receive tier."
semtech-sx127x,Semtech,LoRa (SX127x/SX126x) + FSK/OOK,SX1272; SX1276; SX1278; SX1262; SX1280; RFM95W; RFM96W; RFM98W,SX1276; SX1272; SX1278; SX1262; SX1280; RFM95; RFM96; RFM98,LoRa CSS; (G)FSK; OOK,sub-GHz; 2.4GHz,1,monitor; injection; arbitrary-waveform; covert-channel,"fixed-function LoRa/FSK transceiver (SPI-driven, no MCU)",documented,,gr-lora (Bastille / Matt Knight); gr-lora (rpp0),HopeRF RFM95W; Adafruit LoRa Feather; Heltec/TTGO LoRa32; Dragino,verified,https://github.com/BastilleResearch/gr-lora; https://github.com/rpp0/gr-lora; https://www.semtech.com/products/wireless-rf/lora-connect/sx1276,"LoRa (chirp spread spectrum) plus full (G)FSK/OOK legacy mode. Continuous FSK/OOK mode streams an arbitrary bitstream (tones, jamming, replay); the LoRa engine gives CSS TX/RX directly. The LoRa PHY was reverse-engineered on real SDRs (gr-lora by Bastille/Matt Knight and by rpp0), a good example of using an SDR to crack a closed PHY these chips then speak natively. SX1280 is 2.4 GHz LoRa."
silex-sx-newah,Silex Technology,Wi-Fi HaLow (IEEE 802.11ah),SX-NEWAH-US; SX-NEWAH-EVK,SX-NEWAH; SX-NEWAH-US; SX-NEWAH-EVK,IEEE 802.11ah; Wi-Fi HaLow,sub-GHz,1,monitor; injection,ARM Cortex-M3 (NRC7292),closed,newracom/nrc7292_sw_pkg GPL-2.0 driver,SX-NEWAH evaluation,Newracom NRC7292 SoC; Raspberry Pi reference platform; SX-NEWAH-EVK eval board,verified,https://www.silextechnology.com/connectivity-solutions/embedded-wireless/sx-newah; https://www.silextechnology.com/unwired/industrys-first-802.11ah-halow-wireless-module-for-iot-devices,"Industry-first IEEE 802.11ah Wi-Fi module, built on Newracom NRC7292. Range up to ~1.5 km; EVK targets Raspberry Pi. Inherits NRC7292 open GPL mac80211 driver (tier-1 monitor+injection) and closed radio firmware. Net-new named module record."
silabs-efr32,Silicon Labs,EFR32 Flex/Mighty Gecko,EFR32FG13; EFR32FG14; EFR32FG23; EFR32FG25; EFR32MG21,EFR32FG; EFR32MG; Flex Gecko; Mighty Gecko,proprietary; Zigbee; Thread; Bluetooth LE; Z-Wave,sub-GHz; 2.4GHz,1,monitor; injection; arbitrary-waveform; spectral-scan,ARM Cortex-M4/M33 + radio driven by RAIL library,partially-documented,ghidra,EFR32FG13 Flex Gecko datasheet,EFR32FG13/FG14/FG23/FG25 dev kits; Zigbee/Matter products,verified,https://www.silabs.com/documents/public/data-sheets/efr32fg13-datasheet.pdf,"RAIL (Radio Abstraction Interface Layer) exposes an arbitrary proprietary-PHY builder (custom modulation, symbol rate, framing), plus energy/RSSI scanning and TX tone/stream mode. Radio internals closed but RAIL documented (partially-documented). Tier 1 with a path to custom PHYs."
ti-cc1101,Texas Instruments,CC11xx sub-GHz transceiver,CC1101,CC1101,2-FSK; GFSK; 4-FSK; MSK; ASK; OOK,sub-GHz,1,monitor; injection; arbitrary-waveform; covert-channel,"fixed-function sub-GHz transceiver (SPI-driven, no MCU)",documented,,TI CC1101 product page,CC1101 SPI modules; Flipper Zero; Arduino/RPi sub-GHz projects,verified,https://www.ti.com/product/CC1101,"300-348/387-464/779-928 MHz, 2-FSK/GFSK/4-FSK/MSK/ASK/OOK. Async/sync serial transparent mode keys the PA directly from an arbitrary GPIO bit pattern, allowing verbatim replay of captured OOK/FSK waveforms (approaching arbitrary-waveform for simple modulations). The radio in the Flipper Zero. Fully documented PHY."
ti-cc13xx-cc26xx,Texas Instruments,SimpleLink CC13xx/CC26xx,CC1310; CC1312R; CC1352P; CC2650; CC2652R,CC1310; CC1312R; CC1352; CC2650; CC2652R,proprietary FSK/OOK; 802.15.4; Bluetooth LE; Zigbee; Thread,sub-GHz; 2.4GHz,3,monitor; injection; spectral-scan; arbitrary-waveform,Cortex-M3/M4 app core + dedicated Cortex-M0 RF Core with patchable ROM (RF patches),patchable,ghidra; sdcc,TI CC1310; SmartRF Packet Sniffer 2,LAUNCHXL-CC1352R; CC1310 LaunchPad; CC26x2 LaunchPad,verified,https://www.ti.com/product/CC1310; https://www.ti.com/tool/PACKET-SNIFFER,"Two-core: Cortex-M3/M4 app + dedicated Cortex-M0 RF Core running the radio from a patchable ROM (RF patches). RF Core proprietary mode allows custom sub-GHz/2.4 GHz PHYs (arbitrary FSK/OOK params, packet formats); RSSI/CCA gives coarse spectrum sensing, reaching toward tier 3. driverlib open, RF ROM closed but patchable."
ti-cc2500,Texas Instruments,CC25xx 2.4 GHz transceiver,CC2500,CC2500,2-FSK; GFSK; MSK; OOK,2.4GHz,1,monitor; injection; arbitrary-waveform; covert-channel,"fixed-function 2.4 GHz transceiver (SPI-driven, no MCU)",documented,,TI CC2500 product page,CC2500 SPI modules; 2.4 GHz RC transmitters; wireless peripherals,verified,https://www.ti.com/product/CC2500,"2.4 GHz sibling of CC1101 (GFSK/OOK/MSK) with the same transparent-mode raw-bitstream replay trick. The radio in many 2.4 GHz RC and peripheral links. Tier 1, documented PHY."
ti-cc2531-cc2540,Texas Instruments,CC253x/CC254x (8051 radio SoC),CC2531; CC2540; CC2530,CC2531; CC2540; CC2530,802.15.4; Zigbee; Bluetooth LE,2.4GHz,1,monitor; injection,8051 core + 2.4 GHz radio,partially-documented,sdcc,whsniff (CC2531 + Wireshark); Zigbee2MQTT sniffing guide (ZBOSS),CC2531 USB dongle; CC2540 USB dongle; CC Debugger,verified,https://github.com/homewsn/whsniff; https://www.zigbee2mqtt.io/advanced/zigbee/04_sniff_zigbee_traffic.html,"CC2531 = 802.15.4/Zigbee USB sniffer; CC2540 = BLE sniffer. Stock sniffer firmware from TI, plus community whsniff+Wireshark (CC2531) and ZBOSS zboss_sniffer.hex. Tier 1 monitor within their standards; injection with custom firmware."
ti-iwr6843,Texas Instruments,mmWave single-chip FMCW radar (IWR/AWR),IWR6843; IWR6843ISK; IWR6843AOPEVM; AWR1642; AWR1642BOOST; DCA1000EVM,IWR6843; IWR6843ISK; AWR1642; AWR6843; xWR6843,FMCW radar (non-Wi-Fi),60GHz,4,radar; fmcw; raw-iq; arbitrary-waveform,Arm Cort-R4F + C674x DSP (mmWave SDK),documented,mmWave SDK; mmWave Studio; DCA1000 raw-ADC capture; OpenRadar / pymmw,TI mmWave SDK / mmWave Studio,IWR6843ISK EVM; AWR1642BOOST; DCA1000EVM capture card,verified,https://www.ti.com/product/IWR6843; https://www.ti.com/product/AWR1642; https://www.ti.com/tool/DCA1000EVM,"PURPOSE-BUILT radar included as the yardstick, NOT a repurposed Wi-Fi chip. Single-chip FMCW radar: IWR6843 at 60-64 GHz (industrial/IoT), AWR1642/AWR6843 at 76-81 GHz (automotive, band outside this catalog's enum). Full control of the chirp waveform (start freq/slope/ramp) and raw ADC IQ streamed off-chip via DCA1000EVM into mmWave Studio, then range-FFT -> Doppler-FFT -> angle-FFT. Delivers true range-Doppler-angle imaging with ~cm range bins -- tier 4 natively (arbitrary FMCW + raw IQ), documented PHY. This is what the beam-SNR Wi-Fi approach is measured against."
ti-wl18xx,Texas Instruments,WiLink 8,WL1837MOD; WL1835MOD; WL1807MOD; WL1801MOD; WL1831MOD,WL1837MOD; WL1835MOD; WL1807MOD; WL1801MOD; wl18xx,802.11a; 802.11b; 802.11g; 802.11n,2.4GHz; 5GHz,1,monitor; injection,TI proprietary WiLink MAC/PHY controller,closed,,wlcore / wl18xx mainline Linux driver; wl18xx_fw (closed firmware blob),WL1837MOD module; BeagleBone Wireless; industrial Linux SBCs,verified,https://git.ti.com/cgit/wilink8-wlan/wl18xx_fw/; https://www.ti.com/tool/WILINK8-WIFI-NLCP,"Open mac80211 driver stack (wlcore+wl18xx+wlcore_sdio) gives monitor mode and radiotap injection. Firmware is a closed blob from git.ti.com; no CSI/PHY-telemetry path and no public patching toolchain, so the ladder stops at tier 1."
tplink-talon-ad7200,TP-Link,802.11ad WiGig router (Sparrow / QCA9500-class),AD7200; QCA6320; QCA6310,Talon AD7200; AD7200,IEEE 802.11ad; IEEE 802.11ac,2.4GHz; 5GHz; 60GHz,2,monitor; injection; radar; open-firmware,Synopsys ARC (ARCompact) WiGig firmware; MIPS/ARM host running LEDE/OpenWrt,patchable,nexmon-arc; lede-ad7200; talon-sector-patterns; Ghidra (ARC),talon-tools; lede-ad7200; talon-sector-patterns,"TP-Link Talon AD7200 (first consumer 802.11ad router, 2016)",verified,https://seemoo-lab.github.io/talon-tools/; https://github.com/seemoo-lab/talon-tools; https://github.com/seemoo-lab/talon-sector-patterns; https://www.merl.com/publications/docs/TR2020-054.pdf; https://dspace.networks.imdea.org/bitstream/handle/20.500.12761/475/Compressive%20Millimeter-Wave_%20conext17-.pdf?sequence=1&isAllowed=y,"The workhorse of practically all 60 GHz Wi-Fi sensing research: 32-element planar phased array, single 60 GHz stream. Teardowns show Sparrow QCA6320+QCA6310 silicon; sensing papers commonly write 'QCA9500 transceiver' for the same wil6210/ARC family. SEEMOO's LEDE port gives root + custom firmware loading; nexmon-arc's sweep_dump exposes per-sector beam-SNR at /sys/kernel/debug/ieee80211/phyX/wil6210/sweep_dump. Used for device-free localization, gesture recognition, and short-range SAR imaging via aperture motion. Distinct from the already-cataloged qualcomm-qca9500 chip record."
xilinx-zc706-fmcomms-openwifi,Xilinx (AMD),ZC706 + FMCOMMS (openwifi),EK-Z7-ZC706-G; AD-FMCOMMS2-EBZ; AD-FMCOMMS3-EBZ; AD-FMCOMMS4-EBZ,ZC706; zc706_fmcs2; FMCOMMS2; FMCOMMS3; FMCOMMS4; ZedBoard zed_fmcs2; ZCU102 zcu102_fmcs2,802.11a; 802.11g; 802.11n,sub-GHz; 2.4GHz; 5GHz,5,monitor; injection; csi; raw-iq; spectral-scan; arbitrary-waveform; radar; covert-channel; open-firmware,Xilinx Zynq-7045 (ZC706) / Zynq-7020 (ZedBoard) / Zynq UltraScale+ (ZCU102) FPGA baseband in Verilog + Linux mac80211 driver,open,Xilinx Vivado; Verilog source (openwifi-hw); MATLAB/Octave DSP model; Linux mac80211 / sdr.ko,openwifi (driver/software); openwifi-hw (FPGA),Xilinx ZC706 / ZedBoard / ZCU102 dev board; AD-FMCOMMS2/3/4 (AD9361) FMC card; host Linux PC,verified,https://github.com/open-sdr/openwifi-hw; https://ieeexplore.ieee.org/document/9128614/; https://wiki.analog.com/resources/eval/user-guides/ad-fmcomms2-ebz,"Reference dev-board path for openwifi: a Xilinx evaluation board (ZC706 Zynq-7045, ZedBoard Zynq-7020, or ZCU102 UltraScale+) plus an AD-FMCOMMS2/3/4 (AD9361) FMC RF card. Larger PL (ZC706/ZCU102) hosts the full 2x2 build; ZC706/ZCU102 need a paid Vivado licence, ZedBoard is WebPACK-buildable."
